city_code,dat,popNotArab,popArab,coordinates1,coordinates2
472,0.3333333333333333,0.00015234903163146768,0.021212138103254147,0.5359744060989723,0.6045222359406396
473,0.3333333333333333,5.3668408870176115e-05,0.039210822621821385,0.5737526376693213,0.914469702471736
1342,0.3333333333333333,0.0,0.005306518321980803,0.4395888639302975,0.4259568596121722
1375,0.3333333333333333,3.4624779916242656e-06,0.005632601643236977,0.4190320604451706,0.43767400198513584
652,0.3333333333333333,3.4624779916242656e-06,0.007895675633493495,0.5386290926417535,0.8610405016098966
1275,0.0,0.0008102198500400782,0.0,0.6906269144374108,0.8811581572130632
679,0.0,0.0014230784545575732,0.0,0.4617112517868084,0.7994528772363038
1115,0.0,0.0008154135670275145,0.0,0.7666598597780955,0.9489190694071225
819,0.0,0.0014300034105408216,0.0,0.2991627527057382,0.5790301885878907
175,0.0,0.002461821852044853,0.0,0.38322782656047927,0.7508896797153025
2052,0.0,0.0008552320639311936,0.0,0.6625825335239263,0.8063040162684291
1070,0.0,0.001514834121335616,0.0,0.4756653733578381,0.5711864817101219
1220,0.0,0.0004553158558985909,0.0,0.6491729630385951,0.9354104631176315
182,0.0,0.023932647878106925,5.574073867626894e-06,0.3924851950173577,0.7294889486043529
1081,0.0,0.0005176404597478277,0.0,0.6536655094956095,0.9449972159682379
783,0.0,0.0012153297750601172,0.0,0.5517663875842352,0.592926138426901
400,0.0,0.003128348865432524,0.0,0.31148322101967196,0.5430072384825816
4011,0.0,0.0012551482719637963,0.0,0.9541896399155946,0.8779141549858379
3793,0.0,0.0033291725889467313,0.0,0.5124906405282145,0.7331687123247875
3786,0.0,0.0004103036420074755,0.0,0.7466476073786673,0.5704844215266177
1311,0.0,0.0005159092207520156,0.0,0.03001837859914236,0.44145060159295035
3759,0.0,0.0007998324160652054,0.0,0.47586958001497515,0.5363497712252162
113,0.0,0.0004708970068609001,0.0,0.6398475256960044,0.8039557459994674
1068,0.0,0.0003739476230954207,0.0,0.6002995030971344,0.9463287094197109
1123,0.0,0.0015286840333021132,0.0,0.46150704512967133,0.5654731643547098
446,0.0,0.002385647336229119,0.0,0.3678442583894902,0.7279879923499649
4010,0.0,0.0002683420443508806,0.0,0.9427540671159212,0.9773161933812672
1046,0.0,0.0006734519693709196,5.016666480864205e-05,0.09543257776870195,0.45244147481056485
2710,0.3333333333333333,7.617451581573384e-05,0.15625243865731708,0.563065822612484,0.7963057108964583
2024,0.3333333333333333,0.0,0.0031131202550696204,0.5020080321285142,0.7825550148885178
1358,0.3333333333333333,2.2506106945557727e-05,0.011883925485780537,0.38724389081750743,0.46350497494371423
1108,0.0,0.0006699894913792954,0.0,0.6210605132393984,0.807804972522817
680,0.0,0.0014680906684486886,2.787036933813447e-06,0.4622558028725069,0.756118817633815
31,0.0,0.0527248836174585,0.000579703682233197,0.2181607787080525,0.4713244728496381
1294,0.0,0.0009937311835961642,0.0,0.7510720849499694,0.926549979422374
67,0.0,0.0013295915487837179,0.0,0.20584031039411899,0.5380686082262086
2400,0.0,0.06362822681308332,0.00016722221602880681,0.3712477026751072,0.6645846950879996
1020,0.0,0.03268925471892469,0.00025083332404321024,0.41474372064529297,0.7931101266129229
780,0.0,0.002267923084513894,1.1148147735253788e-05,0.5636103736981827,0.5905778681579393
2012,0.0,0.0008586945419228178,0.0,0.2936491729630387,0.5876001646210086
4013,0.0,0.0005938149755635616,0.0,0.9490164046014568,0.9487253976323625
403,0.0,0.0008656194979060664,2.787036933813447e-06,0.15492478388128783,0.47028348706030465
882,0.0,0.00016273646560634048,0.00023411110244032956,0.5357701994418352,0.8477739850388554
3760,0.0,0.015477276622560467,4.1805554007201704e-05,0.46116670070110966,0.691819788413586
278,0.0,0.0009227503847678668,0.0,0.5395139881560139,0.8702883288546736
565,0.0,0.02237972649886344,8.361110801440341e-05,0.3414335307331019,0.6630595298617669
1157,0.0,0.0005245654157310762,0.0,0.31597576747668643,0.5879390902268381
821,0.0,0.000938331535730176,1.6722221602880682e-05,0.31611190524811106,0.5368823686058054
1330,0.0,0.0039454936714558506,0.0,0.6821863726090803,0.8292057036337667
785,0.0,0.0015442651842644225,0.0,0.5768157375263766,0.9002832449705861
850,0.0,0.0018922442224226612,0.0,0.4597372541011503,0.7607427312562035
804,0.0,0.0023839160972333067,0.0,0.40589476550268866,0.6393347374537003
797,0.0,0.0032980102870221128,2.787036933813447e-06,0.38220679327479423,0.6519718207567725
338,0.0,0.0007911762210861447,0.0,0.21230685453679132,0.5317984845183626
716,0.0,0.000924481623763679,0.0,0.45245388332993,0.7134868182148305
77,0.0,0.0019632250212509588,0.0,0.8332312300047647,0.931488609678747
294,0.0,0.001774519970707436,1.6722221602880682e-05,0.604655911782724,0.9420437214031522
1126,0.0,0.000534952849705949,1.3935184669067235e-05,0.4374106595875026,0.007504781271939431
49,0.0,0.0008396509129688844,1.3935184669067235e-05,0.726226941664965,0.8591279928341443
2600,0.0,0.08657233722458152,0.0063934627261680475,0.42468177795929474,0.0
1336,0.0,0.0012222547310433657,0.0,0.32142127833367373,0.6377369453119327
3762,0.0,0.0021952110466897843,2.787036933813447e-06,0.6631951534953372,0.7032464231244099
37,0.0,0.0008032948940568296,0.0,0.3019535770199443,0.5419904616650931
886,0.0,0.0001315741636817221,1.3935184669067235e-05,0.5263766932135322,0.5972595443871499
478,0.3333333333333333,1.5581150962309194e-05,0.04117847069709368,0.6734054863521884,0.8395913525552571
1339,0.3333333333333333,1.7312389958121328e-06,0.0005406851651598087,0.33496698659042956,0.5821289369840464
1316,0.3333333333333333,0.0,0.0005323240543583684,0.5461847389558233,0.7902776769070617
4003,0.0,0.0006890331203332289,0.0,0.9566401198012388,0.9739269373229719
1359,0.3333333333333333,2.9431062928806256e-05,0.016329249395212984,0.40841331427404526,0.4648364683951872
1145,0.0,0.0009296753407511153,0.0,0.29929889047716285,0.563270147916818
330,0.0,0.0006994205543081017,2.787036933813447e-06,0.8149887686338574,0.8464667005592273
1182,0.0,0.0019355251973179645,0.0,0.6062895650398202,0.8597816350739586
3579,0.0,0.003323978871959295,0.0,0.6785106527806141,0.719442225288692
3604,0.0,0.005363378409025988,0.0,0.5461847389558233,0.5639479991284772
429,0.0,0.0017173890838456357,0.0,0.5751820842692806,0.8523978986612438
4017,0.0,0.0007911762210861447,0.0,0.9999999999999999,0.9371777180623139
868,0.0,0.0005262966547268884,1.1148147735253788e-05,0.4685862092437546,0.793691141937202
285,0.0,0.0008915880828432484,0.0,0.5590497583554558,0.8497591207301426
4002,0.0,0.0007496264851866535,0.0,0.9349942141447144,0.8730239426731546
1365,0.0,0.0009452564917134245,0.0,0.41957661153086934,0.53012806546106
41,0.0,0.005910449931702621,2.787036933813447e-06,0.41794295827377315,0.766117123005786
1248,0.0,0.00025102965439275927,1.6722221602880682e-05,0.46967531141515206,0.06480741762897335
730,0.0,0.0011270365862736985,0.0,0.8150568375195698,0.9112014912726657
682,0.0,0.0015719650081974165,2.787036933813447e-06,0.5091552651283099,0.8263006270123708
204,0.0,0.0012343734040140507,0.0,0.40786876318834653,0.7588302224804514
841,0.0,0.0020757555559787473,2.787036933813447e-06,0.41957661153086934,0.6976541506282229
1125,0.0,0.0007236579002494715,0.0,0.8501803825471378,0.9016147384220593
3556,0.0,0.0004397347049362817,2.787036933813447e-06,0.7623715199782181,0.599995158205631
1309,0.0,0.08442040715278704,0.0,0.437478728473215,0.6703706393589465
3618,0.0,0.004257116690702035,0.0,0.5563950718126746,0.5655700002420897
3750,0.0,0.013765081255702269,2.787036933813447e-06,0.47423592675787896,0.7032222141525649
603,0.0,0.0004760907238483365,0.0,0.6726567286093527,0.9340063427506234
3560,0.0,0.006642764026931153,2.787036933813447e-06,0.4890749438431693,0.6865180235795386
772,0.0,0.0017191203228414478,0.0,0.25607514804982656,0.5880601350860629
1064,0.0,0.001487134297402622,1.6722221602880682e-05,0.7540671159213125,0.9082479967075799
1253,0.0,0.000676914447362544,0.0,0.8305084745762713,0.8994359309560124
23,0.0,0.0004483908999153424,1.1148147735253788e-05,0.40882172758831936,0.5311448422785484
4012,0.0,0.0009210191457720546,0.0,0.937716969573208,0.9138886871474569
3754,0.0,0.0016135147440969077,0.0,0.5858008304404058,0.5454523446389233
529,0.3333333333333333,3.116230192461839e-05,0.03703135973957927,0.5845075216118713,0.878519379281962
4301,0.0,0.0005955462145593737,0.0,0.9140289973453134,0.8658338780351998
176,0.0,0.002607245927693072,1.1148147735253788e-05,0.835273296576135,0.8395913525552571
313,0.0,0.0012101360580726809,3.623148013957481e-05,0.5480225988700566,0.8817149635654974
3650,0.0,0.018707768588745906,0.0,0.5669457490980873,0.5667320308906482
701,0.0,0.0012724606619219177,0.0,0.7750323327207135,0.8748154065896822
3598,0.0,0.00023025478644301365,0.0,0.8013749914913894,0.7030285423778052
714,0.0,0.0009660313596631701,0.0,0.18446668028044388,0.5389643401844725
3570,0.0,0.03453302424946461,0.001652712901751374,0.5859369682118304,0.6846297237756312
1324,0.0,0.00028738567330481406,0.0,0.3477639371043496,0.7140920425109546
71,0.0,0.0011287678252695106,0.0,0.24920019059288012,0.5082431549132108
1276,0.0,0.0002164048744765166,2.787036933813447e-06,0.6610169491525425,0.891955358655918
70,0.0,0.3906073359521208,0.0008807036710850492,0.2390579266217413,0.6019560849250732
199,0.0,0.0017295077568163207,1.1148147735253788e-05,0.8367708120618066,0.8334180647347907
188,0.0,0.0009400627747259881,5.574073867626894e-06,0.8381321897760533,0.8345316774396593
1188,0.0,0.001668914391962896,2.787036933813447e-06,0.6577496426383501,0.8944004648122595
3722,0.0,0.0009989249005836005,0.0,0.4029678034170582,0.49318517442564225
2021,0.0,0.0006145898435133072,0.0,0.26825947859233545,0.47587575955649164
1152,0.0,0.0009798812716296673,5.574073867626894e-06,0.26873596079232176,0.37889461834555893
7100,0.0,0.24884309954104852,0.0009336573728275047,0.18991219113743119,0.5682571961168809
1256,0.0,0.0010162372905417219,2.787036933813447e-06,0.5656524402695527,0.917423197036822
740,0.0,0.0021311552038447354,1.9509258536694127e-05,0.47083248247226195,0.597864768683274
6000,0.3333333333333333,4.674345288692759e-05,0.08339650617049978,0.49261452590021093,0.7692400803737866
21,0.0,0.0017364327127995691,8.361110801440341e-05,0.4533387788441904,0.042196237925775315
1376,0.0,0.0026401394686135027,0.0,0.21237492342250353,0.5765124555160143
155,0.0,0.0022315670656018393,0.0,0.28670614662037985,0.5855666109860315
2530,0.0,0.047870489473201286,0.00032329628432235986,0.36178612756109196,0.6412956641731425
1278,0.0,0.00032547293121268096,0.0,0.07821114968347975,0.37080882174934027
9000,0.0,0.35325585461747405,0.01571610126977403,0.32570961813355115,0.45624228339022455
450,0.0,0.000716732944266223,0.0,0.4077326254169219,0.6676350255404654
697,0.0,0.00198053741120908,0.0,0.4550405009869988,0.7429733459219988
399,0.0,0.0018178009456027394,0.0,0.1350486692532843,0.5024572106422641
559,0.0,0.0022488794555599605,8.361110801440341e-06,0.5190933224423117,0.91166146173772
482,0.3333333333333333,2.423734594136986e-05,0.027307387877504155,0.7013137294942481,0.8734839131382092
4001,0.3333333333333333,0.0,0.018422314132506886,0.9612688040296781,0.9795192098191591
698,0.0,0.0019614937822551464,5.574073867626894e-06,0.44183513715880485,0.7439659137676423
2043,0.0,0.0018680068764812914,1.3935184669067235e-05,0.4777074399292084,0.7507928438279227
762,0.0,0.0013451726997460271,0.0,0.22626097610782125,0.4782240298254533
234,0.0,0.002177898656731663,0.0,0.29044993533455854,0.602101338756143
998,0.3333333333333333,5.193716987436398e-06,0.026529804572970203,0.6081954938397659,0.8666811920497738
1348,0.3333333333333333,3.116230192461839e-05,0.016320888284411545,0.2700973385065687,0.39545355508751545
368,0.0,0.0014525095174863793,0.0,0.7849703900347152,0.9192146609533495
317,0.0,0.0008569633029270057,3.3444443205761364e-05,0.4698114491865769,0.8528578691262984
3574,0.0,0.010340690521985869,0.0,0.6087400449254646,0.6409567385673131
562,0.0,0.002712851506437612,0.0,0.3381662242189095,0.614883675890285
95,0.0,0.0018576194425064185,5.574073867626894e-06,0.7419508542645158,0.7953857699663497
3652,0.0,0.009094198445001134,0.0,0.4974474167857873,0.6655046360181084
1076,0.0,0.0002596858493718199,0.00013377777282304546,0.4182152338166224,0.7106543685089696
480,0.3333333333333333,1.7312389958121328e-06,0.033444443205761364,0.7073718603226465,0.9154864792892247
619,0.0,0.0007513577241824656,0.0,0.3975222925600709,0.5528118720797929
571,0.0,0.0017537451027576905,1.6722221602880682e-05,0.3112790143625349,0.6183213498922701
466,0.0,0.012596494933529078,2.2296295470507576e-05,0.35593220338983056,0.6568620330694556
723,0.0,0.0014663594294528765,0.0,0.20978830576543472,0.5026993003607138
373,0.0,0.001433465888532446,0.0,0.42182288475937646,0.7516159488706514
322,0.0,0.001341710221754403,0.0,0.8514736913756721,0.9811896288764618
572,0.0,0.0009989249005836005,0.0,0.5591858961268804,0.9160674946135038
3645,0.0,0.0006059336485342465,0.0,0.772173439520795,0.6051032512649189
242,0.0,0.0021848236127149116,2.787036933813447e-06,0.7472602273500782,0.8048030600140413
353,0.0,0.00014542407564821914,0.0,0.539718194813151,0.8449173263611495
710,0.0,0.002956956204847123,0.0,0.5692600912123068,0.5980826494298787
143,0.0,0.0010006561395794129,0.0,0.8322782656047921,0.8416733241339242
3575,0.0,0.002487790436982035,0.0,0.546729290041522,0.6238652044447673
877,0.0,0.0015858149201639137,0.0,0.3813218977605336,0.7584912968746217
2033,0.0,0.0021605862667735416,0.0,0.3435436661901844,0.6009877260512747
159,0.0,0.0009366002967343639,2.787036933813447e-06,0.31931114287659124,0.6389473939041809
800,0.0,0.0015702337692016044,0.0,0.4185555782451841,0.7984118914469703
1050,0.0,0.003803532073799256,0.0,0.41297392961677215,0.6267460720943182
288,0.0,0.001810875989619491,0.0,0.37941596896058816,0.726583871982957
265,0.0,0.0008327259569856359,0.0,0.8187325573480363,0.8068608226208634
200,0.0,0.0006440209064421133,0.0,0.3783949356749031,0.759072312198901
326,0.0,0.003689270300075655,0.0,0.39575250153155006,0.7463626019802939
430,0.0,0.0014577032344738159,2.787036933813447e-06,0.5880471036689129,0.8538988549156318
751,0.0,0.0015182965993272405,0.0,0.488598461643183,0.6013266516571042
784,0.0,0.0015217590773188648,0.0,0.4362534885303927,0.6503740286150047
16,0.0,0.0010525933094537767,0.0,0.3826152065890681,0.5623259980148644
672,0.0,0.0012880418128842267,0.0,0.5461166700701109,0.6041106834192752
202,0.0,0.0004553158558985909,0.0,0.31937921176230344,0.6358002275643354
301,0.0,0.0010802931333867708,0.0,0.40405690558845564,0.62192848669717
756,0.0,0.0019303314803305281,2.787036933813447e-06,0.24259750867878294,0.5863897160287602
604,0.0,0.002030743342087632,2.787036933813447e-06,0.42311619358791097,0.6555547485898275
212,0.0,0.00060073993154681,0.0,0.44694030358723025,0.8498559566175224
598,0.0,0.0024323907891160464,0.0,0.3099176366482882,0.5087515433219553
365,0.0,0.0012343734040140507,0.0,0.7177863998366346,0.8495412399835379
848,0.0,0.0017641325367325634,0.0,0.290722210877408,0.6077662381678651
1162,0.0,0.0015165653603314284,0.0,0.6756517595806958,0.866535938218704
9200,0.0,0.031709373447295026,0.0004096944292705767,0.7840174256347424,0.7895756167235578
2610,0.0,0.21614345738814897,0.00030099998885185227,0.4576271186440678,0.5851066405209772
248,0.0,0.0013261290707920937,0.0,0.5800149751548568,0.8436100418815214
747,0.0,0.00148540305840681,1.1148147735253788e-05,0.21142195902253091,0.559759846999298
252,0.0,0.0002631483273634442,0.0,0.3826152065890681,0.7547873241823421
3780,0.0,0.10260707280379348,2.787036933813447e-06,0.5374719215846436,0.5746725736557968
94,0.0,0.0009158254287846183,0.0,0.6555033694098428,0.8257680296317816
760,0.0,0.0019597625432593345,0.0,0.29038186644884634,0.6182971409204251
712,0.0,0.0013209353538046573,5.574073867626894e-06,0.5453679123272753,0.926549979422374
1084,0.0,0.001069905699411898,5.574073867626894e-06,0.4184875093594719,0.6457743239644612
2013,0.0,0.0015061779263565555,0.0,0.4155605472738412,0.643958651076089
6100,0.0,0.35416475509027545,0.00018673147456550095,0.35919950990402294,0.6800058101532428
1368,0.0,0.0020965304239284927,0.0,0.41297392961677215,0.5271261529522843
592,0.0,0.0015615775742225438,2.787036933813447e-06,0.26621741202096516,0.6086619701261288
386,0.0,0.0020272808640960076,0.0,0.40112994350282494,0.7270438424480113
4015,0.0,0.001878394310456164,0.0,0.9059968688312573,0.8711356428692475
1363,0.0,0.0013330540267753423,0.0,0.019263494656592495,0.4268525915704361
448,0.0,0.0016706456309587081,0.0,0.41004696753114145,0.6631079478054568
1066,0.0,0.011987098807003207,0.00015049999442592614,0.31059832550541155,0.6002856658677705
418,0.0,0.0023666037072751856,1.1148147735253788e-05,0.3812538288748214,0.7155203718498077
588,0.0,0.0024341220281118587,2.787036933813447e-05,0.3304744401334151,0.5952744086958627
685,0.0,0.001381528718658082,0.0,0.30590157239126003,0.6148594669184401
9800,0.0,0.027383007196760505,8.082407108058997e-05,0.44183513715880485,0.7966446365022878
1326,0.3333333333333333,5.193716987436398e-06,0.027889878596671164,0.5329113062419167,0.7989686977994045
944,0.3333333333333333,3.289354092043052e-05,0.022006443629390977,0.565107889183854,0.8551577214515701
483,0.3333333333333333,2.0774867949745592e-05,0.023324712099084738,0.6405282145531278,0.9060207712978431
389,0.0,0.0020965304239284927,2.787036933813447e-06,0.38738002858893206,0.7139467886798848
589,0.0,0.0004985968307938942,1.9509258536694127e-05,0.5525832142127834,0.944174110925509
864,0.0,0.0013555601337209,8.361110801440341e-06,0.41712613164522494,0.6106955237611059
3612,0.0,0.00031335425824199605,0.0,0.7563133891498196,0.7218389135013435
823,0.0,0.001161661366189941,8.361110801440341e-06,0.5116057450139541,0.5840656547316435
1191,0.0,0.0018558882035106064,0.0,0.7522292560070792,0.9245164257873969
3744,0.0,0.0020168934301211345,0.0,0.5234497311279015,0.6784564359551651
428,0.0,0.0016256334170675927,3.9018517073388255e-05,0.23633517119324765,0.5382138620572784
2060,0.0,0.0009764187936380429,0.0,0.22673745830780756,0.4879560365071295
3710,0.0,0.004760907238483365,1.9509258536694127e-05,0.6357633925532639,0.7083060982400079
746,0.0,0.002205598480664657,0.0,0.22299366959362887,0.568160360229501
667,0.0,0.001028355963512407,0.0,0.7428357497787762,0.940688018979834
141,0.0,0.0007115392272787866,0.0,0.6354230481247022,0.8023337448858548
617,0.0,0.0009556439256882973,2.787036933813447e-06,0.4848546729290041,0.7842254339458204
3654,0.0,0.0032772354190723674,5.574073867626894e-06,0.5334558573276155,0.6853802019028253
2038,0.0,0.0036027083502850484,0.0,0.4295146688448711,0.6610017672549447
1323,0.0,0.001315741636817221,0.0,0.20441086379415963,0.5622775800711745
1361,0.0,0.0007132704662745987,0.0,0.3839085154176026,0.753383203815334
1319,0.0,0.009172104199812679,5.574073867626894e-06,0.47450820230072843,0.7460963032899993
6200,0.0,0.22186173979131643,0.0023968517630795646,0.3045401946770131,0.6620911709879681
3794,0.0,0.0027111202674418,5.574073867626894e-06,0.5299162752705738,0.5648437310867408
33,0.0,0.001135692781252759,0.0,0.4683820025866178,0.8178274868666328
1292,0.3333333333333333,5.3668408870176115e-05,0.058895664485345764,0.5600707916411408,0.9061176071852229
485,0.3333333333333333,0.0,0.01802098081403775,0.5833503505547614,0.909531072215363
627,0.3333333333333333,0.0002423734594136986,0.027892665633604978,0.4353005241304201,0.6975088967971531
541,0.3333333333333333,2.2506106945557727e-05,0.04157422994169519,0.40963855421686757,0.8007117437722421
487,0.3333333333333333,1.731238995812133e-05,0.008625879310152618,0.750391396092846,0.9312223109884524
628,0.3333333333333333,2.0774867949745592e-05,0.03368970245593695,0.48887073718603224,0.7639141065678942
872,0.0,0.0004639720508776516,0.00025640739791083715,0.40289973453134575,0.7620015977921418
379,0.0,0.0016758393479461445,0.0,0.4304676332448437,0.7366305952986177
853,0.0,0.0016862267819210174,0.0,0.314069838676741,0.6259229670515895
352,0.0,0.0006197835605007435,0.0,0.1174188278537881,0.44532403708814494
424,0.0,0.0010716369384077102,5.574073867626894e-06,0.20366210605132407,0.5246084198804076
86,0.0,0.001069905699411898,0.0,0.7039003471513171,0.8086280775655458
3763,0.0,0.00980573767227992,5.016666480864205e-05,0.6418215233816623,0.6162877962572929
683,0.0,0.002077486794974559,0.0,0.43734259070179016,0.8345316774396593
2014,0.0,0.0006682582523834833,0.0,0.19998638622285758,0.49504926525770465
3644,0.0,0.0017416264297870055,0.00016722221602880681,0.5670138179837997,0.6157794078485487
1344,0.0,0.002127692725853111,5.574073867626894e-06,0.3066503301340958,0.48405839204009016
1293,0.0,0.0035473087024190603,0.0,0.7463072629501054,0.8648413101895563
1288,0.0,0.0033966909097834044,8.361110801440341e-06,0.6228983731536314,0.8502675091388868
147,0.0,0.004637989269780703,0.0,0.336872915390375,0.6211295906262863
870,0.0,0.0015044466873607434,0.0,0.4148798584167178,0.6829108867746386
3730,0.0,0.03184441008896837,7.246296027914963e-05,0.5726635354979238,0.6179097973709057
207,0.0,0.0006474833844337377,0.0,0.38479341093186303,0.7017696758418671
2018,0.0,0.002035937059075068,0.0,0.4223674358450752,0.7638898975960492
173,0.0,0.0017641325367325634,0.0,0.4214825403308148,0.7617352991018472
4021,0.0,0.0012205234920475536,5.574073867626894e-06,0.9010959090599687,0.8713535236158522
787,0.0,0.002515490260915029,2.787036933813447e-06,0.5243346266421619,0.5993899339095069
919,0.0,0.0014265409325491974,0.0,0.4295827377305833,0.5683782409761059
802,0.0,0.001563308813218356,0.0,0.4240010891021714,0.665093083496744
360,0.0,0.001265535705938669,0.0,0.49254645701449873,0.8036652383373278
703,0.0,0.0008015636550610175,2.787036933813447e-06,0.5930161323259139,0.8055535381412352
681,0.0,0.04594188923186657,0.00011426851428635132,0.3692056361037369,0.6773428232502966
566,0.0,9.868062276129157e-05,1.6722221602880682e-05,0.4338030086447485,0.5962185585978165
1077,0.0,0.0007098079882829745,0.0,0.3867674086175209,0.7526569346599851
793,0.0,0.001812607228615303,0.0,0.25879790347832,0.585203476408357
6300,0.0,0.10493039553617337,9.197221881584375e-05,0.3432033217616227,0.6759144939114435
342,0.0,0.000808488611044266,0.0,0.21414471445102456,0.5472922264991406
133,0.0,0.0016135147440969077,0.0,0.6019331563542304,0.8377272617231947
35,0.0,0.0007513577241824656,0.0,0.8608671976039751,0.9303749969738785
145,0.0,0.0006873018813374168,0.0,0.6225580287250697,0.8066187329024136
442,0.0,0.0008136823280317024,0.0,0.6953236675515623,0.8039799549713124
2550,0.0,0.048822670920897954,0.0003149351735209195,0.32319106936219455,0.6064347447163919
852,0.0,0.0006284397554798042,2.787036933813447e-06,0.8778163501463482,0.9586510760887986
755,0.0,0.0007271203782410958,1.6722221602880682e-05,0.6170444489823702,0.9402522574866247
1219,0.0,0.00030469806326293537,2.787036933813447e-06,0.6252127152678512,0.9411479894448883
457,0.0,0.0012863105738884146,0.0,0.7516847049213805,0.8282373447599681
370,0.0,0.0004968655917980821,2.787036933813447e-06,0.4134504118167587,0.6235746967826278
706,0.0,0.0016775705869419566,0.0,0.20856306582261241,0.557024233180817
196,0.0,0.000638827189454677,0.0,0.3363283643046763,0.626915534897233
1043,0.0,0.0003583664721331115,0.0,0.42563474235926757,0.60428014622219
1204,0.0,0.0018922442224226612,0.0,0.6175209311823565,0.899000169462803
736,0.0,0.0025120277829234045,0.0,0.23885371996460425,0.4765051928244607
262,0.0,0.0010093123345584734,5.574073867626894e-06,0.7999455448914302,0.8842326966373738
92,0.0,0.0011841674731354987,5.295370174245549e-05,0.6304540194677014,0.8348221851017988
863,0.0,0.0015840836811681015,1.1148147735253788e-05,0.4098427608740046,0.64669426489457
1206,0.0,0.0005037905477813307,0.0,0.6250765774964263,0.9162127484445736
3613,0.0,0.0008742756928851271,0.0,0.720236879722279,0.6840002905076622
393,0.0,0.0010075810955626613,0.0,0.36634674290381863,0.5584041445759799
3606,0.0,0.00030816054125455965,6.967592334533617e-05,0.7530460826356272,0.6564746895199361
346,0.0,0.0009227503847678668,0.0,0.35681709890409097,0.698937226136006
369,0.0,0.0008517695859395694,2.787036933813447e-06,0.5149411204138589,0.8061829714092043
745,0.0,0.0020878742289494323,0.0,0.42720032673065156,0.6372769748468784
1072,0.0,0.0011010680013365164,0.0,0.272139405077939,0.6043285641658799
225,0.0,0.0014888655363984342,2.787036933813447e-06,0.46491048941528834,0.7808361778875251
239,0.0,0.001409228542591076,5.574073867626894e-06,0.40500986998842825,0.7090323673953568
734,0.0,0.0017260452788246965,0.0,0.4619154584439452,0.7506960079405428
166,0.0,0.04121214429530782,0.0001783703637640606,0.27704036484922756,0.6000677851211659
1274,0.0,0.004615483162835146,1.3935184669067235e-05,0.6823225103805052,0.7994528772363038
311,0.0,0.00120147986309362,0.0,0.31141515213395954,0.6419977243566467
144,0.0,0.001002387378575225,0.0,0.3355115376761283,0.6240346672476821
72,0.0,0.0016135147440969077,2.787036933813447e-06,0.43427949084473483,0.7780279371535092
836,0.0,0.001017968529537534,0.0,0.35504730787557015,0.661534364635534
549,0.0,0.001681033064933581,0.0,0.40201483901708535,0.7427554651753941
1103,0.0,0.0005851587805845009,0.0,0.3709073582465455,0.624083085191372
1371,0.0,0.0015009842093691192,0.0,0.3308828534476892,0.599970949233786
862,0.0,0.0010768306553951465,0.0,0.36090123204683133,0.6186360665262546
3823,0.0,0.004506415106098982,0.0,0.47627799332924925,0.6375916914808629
218,0.0,0.0004189598369865361,0.0,0.40215097678851,0.6972910160505484
229,0.0,0.03529303816862614,3.3444443205761364e-05,0.3851337553604247,0.672815745515288
842,0.0,0.001419615976565949,0.0,0.3531413790756245,0.7182317766964438
463,0.0,0.0011928236681145595,5.574073867626894e-06,0.6035668096113266,0.9267678601689787
39,0.0,0.0007115392272787866,0.0,0.38656320196038385,0.5870917762122644
1129,0.0,0.0004276160319655968,5.574073867626894e-06,0.50479885644272,0.10400174304597287
4022,0.0,0.0004847469188273972,0.0,0.9234905724593289,0.8767037063935895
305,0.0,0.0007357765732201564,5.574073867626894e-06,0.8182560751480498,0.8232987145035952
574,0.0,0.002778638588278473,2.5083332404321025e-05,0.5378803348989177,0.9355557169487013
340,0.0,0.0015044466873607434,0.0,0.3321761622762235,0.556830561406057
128,0.0,0.0005643839126347553,0.0,0.3883329929889049,0.6750671798968698
494,0.3333333333333333,7.617451581573384e-05,0.049074146330587175,0.4987407256143218,0.8428353547824824
146,0.0,0.0003739476230954207,0.0,0.6348104281532913,0.8049725228169561
489,0.3333333333333333,1.5581150962309194e-05,0.029266674841975007,0.703491933837043,0.8422301304863583
849,0.0,0.0017381639517953813,8.361110801440341e-06,0.3497379347900075,0.49928583533057347
407,0.0,0.0008552320639311936,0.0,0.6894016744945884,0.8305371970852399
62,0.0,0.000912362950792994,2.787036933813447e-06,0.8331631611190525,0.8468056261650568
79,0.0,0.0011685863221731897,0.0,0.8333673677761896,0.8447236545863898
1067,0.0,0.000834457195981448,0.0,0.7256823905792663,0.9389933909506863
3747,0.0,0.0025068340659359684,0.0,0.5510856987271119,0.6368412133536688
738,0.0,0.0007669388751447748,0.0,0.4161050983595399,0.81976420461423
336,0.0,0.0014559719954780038,5.574073867626894e-06,0.2353141379075624,0.5244389570774929
475,0.3333333333333333,0.0,0.001959286964470853,0.6861343679803963,0.8233229234754401
490,0.3333333333333333,8.656194979060664e-06,0.03486304500507241,0.6373289769246478,0.9078122352143706
492,0.3333333333333333,2.2506106945557727e-05,0.02877615634162384,0.7012456606085359,0.8882271769917932
493,0.3333333333333333,0.0,0.0002675555456460909,0.4308760465591178,0.5966543200910258
2200,0.0,0.059350335254431535,0.000604787014637518,0.4868286706146622,0.40690439877018425
2063,0.0,0.000573040107613816,2.787036933813447e-06,0.7966782383772378,0.9472244413779748
300,0.0,0.0014109597815868881,2.787036933813447e-06,0.513988156013886,0.814898201273392
431,0.0,0.0014923280143900584,0.0,0.7778231570349193,0.9296729367903745
1317,0.3333333333333333,0.0,0.0014353240209139253,0.6115989381253829,0.8754690488294962
303,0.0,0.0012880418128842267,2.787036933813447e-06,0.8814920699748144,0.9898080228532694
302,0.0,0.0016637206749754597,2.787036933813447e-06,0.8721666326322238,0.9869997821192534
1241,0.0,0.0006076648875300586,0.0,0.04050098699884286,0.44132955673372554
1349,0.3333333333333333,1.7312389958121328e-06,0.003461499871796301,0.5133755360424751,0.4689762025806764
702,0.0,0.00031335425824199605,0.0,0.8631815397181949,0.8514537487592903
675,0.0,0.0006370959504588649,0.0,0.4231842624736234,0.8275594935483092
356,0.0,0.001419615976565949,0.0,0.8627731264039208,0.984506258019222
191,0.0,0.0011685863221731897,0.0,0.4022871145599346,0.7504055002784032
9700,0.0,0.10931216143457388,9.47592557496572e-05,0.3975222925600709,0.6975331057689981
1322,0.0,0.000560921434643131,0.0,0.7439248519501737,0.8683516111070763
726,0.0,0.0009469877307092367,2.787036933813447e-06,0.23293172690763064,0.569661316483889
1186,0.0,0.0035507711804106845,0.0,0.6523041317813628,0.8602900234827028
250,0.0,0.0015823524421722894,0.0,0.5425090191273568,0.8294720023240613
307,0.0,0.0018333820965650486,0.0,0.7868763188346607,0.8569491853680974
434,0.0,0.00148540305840681,2.787036933813447e-06,0.4387720373017493,0.858643813397245
684,0.0,0.0012309109260224265,0.0,0.597032196582942,0.8208293993754087
1208,0.0,0.0010162372905417219,2.787036933813447e-06,0.6220815465250834,0.9348294477933522
377,0.0,0.0015027154483649313,0.0,0.4547682254441495,0.7582007892124821
677,0.0,0.0016100522661052835,8.361110801440341e-06,0.6179293444966306,0.8581112160166559
423,0.0,0.0015962023541387863,0.0,0.41712613164522494,0.7538915922240782
3769,0.0,0.0070703800588967506,1.1148147735253788e-05,0.5482268055271936,0.6100902994649818
3603,0.0,0.0027976822172324067,5.295370174245549e-05,0.5759308420121162,0.5818384293219067
1261,0.0,0.00033412912619174164,1.3935184669067235e-05,0.5304608263562726,0.4803544193478103
464,0.0,0.0004570470948944031,0.0,0.4324416309305016,0.6053937589270585
1249,0.0,0.0018818567884477883,1.9509258536694127e-05,0.5768157375263766,0.8615973079623308
6400,0.0,0.16846340420448702,0.00045149998327777843,0.3590633721325983,0.7023264821943013
1203,0.0,0.0009400627747259881,0.0,0.700088489551426,0.8836516813130947
3639,0.0,0.0005903524975719373,0.0,0.7441290586073107,0.6100660904931369
1133,0.0,0.00047782196284414867,0.0,0.32400789599074276,0.5665141501440435
815,0.0,0.0009677625986589822,0.0,0.3099176366482882,0.5652310746362602
44,0.0,0.0006059336485342465,0.0,0.26614934313525296,0.5482363764010943
584,0.0,0.001447315800498943,4.459259094101515e-05,0.15580967939554824,0.5522792746992037
788,0.0,0.0018420382915441092,0.0,0.3947314682458648,0.6501561478684
9300,0.0,0.04008337647003831,0.00014771295749211268,0.4358450752161188,0.8097901082141042
799,0.0,0.0019459126312928372,0.0,0.42937853107344626,0.5787396809257511
1290,0.3333333333333333,8.656194979060664e-06,0.019757304823803525,0.4882581172146213,0.7547146972668072
1065,0.0,0.0010785618943909587,2.787036933813447e-06,0.17500510516642842,0.5088483792093351
816,0.0,0.0008829318878641878,4.1805554007201704e-05,0.4643659383295896,0.5848161328588376
2064,0.0,0.000808488611044266,2.787036933813447e-06,0.22129194745082026,0.5115839930278162
975,0.3333333333333333,3.6356018912054786e-05,0.022569425090021293,0.6081274249540535,0.8511874500689957
818,0.0,0.0012620732279470448,0.0,0.30059219930569736,0.5713317355411917
1321,0.3333333333333333,0.0,0.0019787962230075474,0.5535361786127561,0.8633887718788583
235,0.0,0.000834457195981448,0.0,0.3778503845892044,0.7535042486745588
1110,0.0,0.001068174460416086,0.0,0.6350827036961405,0.8036894473091728
717,0.0,0.0020116997131336984,0.0,0.431488666530529,0.6935628343864236
3764,0.0,0.0011547364102066926,0.0,0.516166360356681,0.5205171036386086
205,0.0,0.001497521731377495,0.0,0.4185555782451841,0.7605732684532888
4026,0.0,0.0014023035866078276,0.0,0.8755700769178408,0.9057544726075485
618,0.0,0.001514834121335616,0.0,0.4214144714451026,0.6483162660081826
6500,0.0,0.16694510760515976,0.0025166943512335426,0.4135865495881833,0.7736219042777254
160,0.0,0.0020116997131336984,0.0,0.3893540262745899,0.6114217929164548
6600,0.0,0.33929341211624925,0.0008361110801440342,0.3231230004764821,0.6612196480015494
1239,0.0,0.0002839231953131898,1.3935184669067235e-05,0.026887209856374716,0.450867891640642
253,0.0,0.0012101360580726809,2.787036933813447e-06,0.8545367912327276,0.9390902268380662
662,0.0,0.0019614937822551464,5.574073867626894e-06,0.6559117827241169,0.924468007843707
1332,0.3333333333333333,8.656194979060664e-06,0.0021404443651687273,0.6705465931522702,0.8983223182511438
115,0.0,0.0013399789827585908,0.0,0.3851337553604247,0.7600406710726996
374,0.0,0.0010491308314621525,1.6722221602880682e-05,0.7820434279490845,0.8930931803326313
1303,0.3333333333333333,3.462477991624266e-05,0.062198303251914694,0.4227758491593493,0.46795942576318794
496,0.3333333333333333,1.7312389958121328e-06,0.01786211970881038,0.6868150568375196,0.9297697726777544
355,0.0,0.0005713088686180038,1.3935184669067235e-05,0.44694030358723025,0.6935870433582686
1047,0.0,0.0005297591327185126,0.0,0.7180586753794841,0.8999927373084465
219,0.0,0.0012568795109596084,0.0,0.4098427608740046,0.76335730021546
3643,0.0,0.0024393157450992953,5.574073867626894e-06,0.5730719488121979,0.785823226087588
4000,1.0,0.4361943211898459,0.09298112618588422,0.47198965352937183,0.8723460914614957
162,0.0,0.0022367607825892755,1.6722221602880682e-05,0.4109318630454021,0.7212094802333745
1272,0.0,0.0009262128627594911,2.787036933813447e-06,0.6654414267238445,0.9117098796814099
820,0.0,0.0007807887871112719,1.1148147735253788e-05,0.24402695527874207,0.5436124627787059
801,0.0,0.0022783105184887666,0.0,0.36301136750391405,0.6616796184666037
993,0.3333333333333333,3.4624779916242656e-06,0.004186129474587797,0.7787761214348922,0.8794635291839156
343,0.0,0.0006561395794127984,5.574073867626894e-06,0.7985160982914711,0.7964025467838382
3646,0.0,0.0005124467427603913,0.0,0.8031447825199102,0.7241629747984603
3609,0.0,0.00029950434627549897,0.0,0.745422367435845,0.7099765172973104
807,0.0,0.0015979335931345987,0.0,0.43312231978762517,0.7460720943181544
280,0.0,0.001305354202842348,2.787036933813447e-06,0.5777006330406372,0.9487011886605176
1257,0.0,0.0017018079328833266,2.787036933813447e-06,0.6226260976107821,0.8670201176556033
4005,0.0,0.003557696136393933,0.0,0.9722959635150773,0.8839421889752342
363,0.0,0.0009660313596631701,0.0,0.336056088761827,0.6002372479240806
90,0.0,0.001267266944934481,0.0,0.7380709277789123,0.7957973224877141
700,0.0,0.002572621147776829,0.0,0.31645224967667274,0.5980100225143438
13,0.0,0.001056055787445401,2.787036933813447e-05,0.6459056565244027,0.3259980148643088
406,0.0,0.0011304990642653228,0.0,0.28459601116329736,0.5957827971046069
2034,0.0,0.015986260887329233,0.00010312036655109754,0.8126744265196378,0.9205219454329775
397,0.0,0.0014750156244319372,0.0,0.2784017425634743,0.4528530273319292
422,0.0,0.0016827643039293932,0.0,0.41263358518821047,0.7645435398358632
1024,0.0,0.0014646281904570643,0.0,0.3788714178748894,0.7178202241750794
1247,0.0,0.0225597753544279,0.0005601944236965029,0.4944523858144442,0.7804004163943158
3717,0.0,0.00038779753506191773,0.0,0.5420325369273705,0.7702568571912752
1209,0.0,0.0005765025856054402,0.0,0.6753794840378463,0.9134287166824026
3770,0.0,0.00479726325739542,0.0,0.48043019535770204,0.638221124748832
6700,0.0,0.07631820865238625,0.0019397777059341592,0.8007623715199782,0.8680853124167817
962,0.3333333333333333,1.3849911966497062e-05,0.01886266596804941,0.8429650806616297,0.9158738228387441
498,0.3333333333333333,8.656194979060664e-06,0.039673470752834415,0.7057382070655503,0.865059190936161
2730,0.3333333333333333,9.002442778223091e-05,0.12236485657907939,0.4698114491865769,0.7276974846878254
497,0.3333333333333333,8.656194979060664e-06,0.005183888696893011,0.7504594649785584,0.8188684726559664
2720,0.3333333333333333,0.00011426177372360077,0.07381746022898296,0.4358450752161188,0.7193695983731571
663,0.0,0.0020792180339703715,0.0,0.42270778027363687,0.6603481250151307
2100,0.0,0.03985485292259111,0.0002536203609770237,0.44850588795861424,0.8610889195535866
268,0.0,0.0015598463352267317,0.0,0.8043700224627323,0.7696516328951509
1181,0.0,0.0020532494490331896,0.0,0.5802191818119938,0.9051492483114242
462,0.0,0.00237006618526681,0.0,0.4022871145599346,0.6043769821095698
1177,0.0,0.0009400627747259881,0.0,0.31434211421959024,0.3862299368145835
3788,0.0,0.007920418405840507,0.0,0.5515621809270982,0.6401578424964293
8900,0.3333333333333333,6.924955983248532e-05,0.09574307978729335,0.5872983459260771,0.8859031156946765
547,0.3333333333333333,1.7312389958121328e-06,0.004459259094101515,0.7241848750935947,0.8269784782240298
3743,0.0,0.0015096404043481797,0.0,0.4365257640732422,0.48892439538092825
1214,0.0,0.0008275322399981994,0.0,0.7354843101218432,0.889800760161716
1295,0.3333333333333333,3.4624779916242656e-06,0.018609045607072387,0.6227622353822068,0.9198440942213185
1232,0.0,0.0005851587805845009,0.0,0.02171397454223678,0.43978018253564766
46,0.0,0.007343915820235068,2.787036933813447e-06,0.7876931454632087,0.8469750889679716
2660,0.0,0.08228578947095067,0.0001532870313597396,0.2956231706486966,0.6237925775292325
96,0.0,0.0027994134562282186,0.0,0.5157579470424069,0.8557629457476942
798,0.0,0.0015892773981555379,0.0,0.3875161663603567,0.6536180308422302
577,0.0,0.007388928034126183,0.0,0.35035055476141863,0.6024402643619725
1134,0.0,0.0005176404597478277,0.0,0.5227690422707781,0.6055390127581283
758,0.0,0.0016723768699545203,5.574073867626894e-06,0.46967531141515206,0.744159585542402
358,0.0,0.0012741919009177298,2.787036933813447e-06,0.1794295827377307,0.5466870022030165
775,0.0,0.0011478114542234441,8.361110801440341e-06,0.2746579538492956,0.5635606555789575
64,0.0,0.0019476438702886493,0.0,0.40119801238853714,0.6298690294623187
1144,0.0,0.00036009771112892363,0.0,0.5330474440133416,0.6064589536882369
9400,0.0,0.0517398086288414,0.00011984258815397822,0.392144850588796,0.6655530539617983
1158,0.0,0.00037741010108704494,0.0,0.5467973589272345,0.1422035006173289
2009,0.0,0.0010976055233448921,8.361110801440341e-06,0.8463685249472467,0.9914542329387271
1226,0.0,0.0018922442224226612,0.0,0.6386903546388946,0.8924637470646622
1112,0.0,0.0015685025302057923,2.787036933813447e-06,0.639779456810292,0.8814002469315129
4007,0.0,0.001289773051880039,0.0,0.9722959635150773,0.9087805940881691
803,0.0,0.0011807049951438745,2.787036933813447e-06,0.21162616567966797,0.5076379306170867
452,0.0,0.0009573751646841094,0.0,0.671295350895106,0.8075144648606775
409,0.0,0.0012603419889512326,0.0,0.6071744605540806,0.9242017091534124
866,0.0,0.0012412983599972992,0.0,0.5019399632428018,0.09163095843319546
3607,0.0,0.0006215147994965556,0.0,0.737798652236063,0.6425303217372359
811,0.0,0.0012689981839302934,2.787036933813447e-06,0.20563610373698193,0.518120415425957
753,0.0,0.0016204397000801564,0.0,0.4333945953304744,0.7389304476238895
2011,0.0,0.0020670993609996865,5.574073867626894e-06,0.32393982710503033,0.5876727915365435
29,0.0,0.00299504346275499,0.0,0.8501123136614254,0.9405185561769193
440,0.0,0.0015996648321304108,0.0,0.37812266013205365,0.6071125959280509
575,0.0,0.0014923280143900584,1.3935184669067235e-05,0.5719147777550883,0.8985159900259038
1138,0.0,0.0011945549071103716,0.0,0.6210605132393984,0.892633209867577
1044,0.0,0.0005193716987436398,0.0,0.44408141038731197,0.728569007674244
795,0.0,0.0010993367623407043,0.0003260833212561733,0.5847797971547205,0.9430847071924856
499,0.3333333333333333,2.2506106945557727e-05,0.05333831283932175,0.642366074467361,0.8403902486261409
3566,0.0,0.00035144151614986295,0.0,0.7699952351780001,0.6737356864453966
134,0.0,0.002089605467945244,2.787036933813447e-06,0.6098291470968621,0.8382840680756288
453,0.0,0.0009850749886171036,0.0,0.8173031107480772,0.959740479821822
3749,0.0,0.002988118506771741,0.0,0.617997413382343,0.7016970489263322
759,0.0,0.0014230784545575732,0.0,0.37512762916071074,0.6199675599777278
417,0.0,0.0013347852657711544,0.0,0.36430467633244856,0.7235335415304912
3647,0.0,0.00396107482241816,0.0,0.538356817098904,0.6967826276418042
241,0.0,0.002425465833132798,0.0,0.5396501259274386,0.8323044520299224
240,0.0,0.041165400842420895,5.295370174245549e-05,0.5267851065278061,0.8302951073667902
623,0.0,0.0006994205543081017,0.0,0.756177251378395,0.9458929479265016
2026,0.0,0.0006422896674463012,0.0,0.8270369614049419,0.808482823734476
831,0.0,0.017258721549251153,0.0009057870034893703,0.41719420053093736,0.38501948822233534
3000,1.0,1.0,1.0,0.6069021850112314,0.5983005301764835
718,0.0,0.0018732005934687277,0.0,0.44483016813014775,0.6976541506282229
502,0.3333333333333333,0.0001159930127194129,0.047666692679011385,0.5983935742971888,0.9128477013581234
183,0.0,0.0006232460384923678,0.0,0.3996324280171534,0.6956690149369357
916,0.0,0.000716732944266223,0.0,0.07678170308352061,0.4552739245164258
805,0.0,0.0013347852657711544,0.0,0.44272003267306526,0.5899484348899703
828,0.0,0.0017312389958121328,0.0,0.3673677761895039,0.633960345704118
1227,0.0,0.0008794694098725634,0.0,0.027567898713498074,0.44430726027065626
504,0.3333333333333333,2.9431062928806256e-05,0.03923869299115952,0.5994826764685862,0.8901396857675455
505,0.3333333333333333,8.656194979060664e-06,0.009988740370787393,0.6249404397250017,0.8795845740431404
576,0.0,0.0018195321845985515,8.361110801440341e-06,0.5615002382411,0.930810758467088
371,0.0,0.0003687539061079843,9.754629268347064e-05,0.7258865972364034,0.845232042995134
1338,0.0,0.0003116230192461839,0.0,0.761963106663944,0.9263805166194593
3564,0.0,0.0038554692436736197,0.0,0.6894016744945884,0.645943786767376
1224,0.0,0.015053123068586494,2.2296295470507576e-05,0.46286842284391805,0.7161255961459317
3779,0.0,0.014788243502227238,0.0,0.6216050643250971,0.6245188466845814
824,0.0,0.0018195321845985515,0.0,0.251174188278538,0.5572421139274216
1252,0.0,0.0006042024095384344,0.0,0.8173711796337894,0.9012273948725399
1210,0.0,0.0007652076361489627,0.0,0.7917772786059493,0.8958045851792674
1367,0.3333333333333333,0.0,0.0011956388446059687,0.498808794500034,0.4659742900719007
840,0.0,0.0004812844408357729,5.574073867626894e-06,0.07528418759784905,0.4895538286488973
1153,0.0,0.00032374169221686884,2.787036933813447e-06,0.6257572663535499,0.9105720580046966
1183,0.0,0.0012880418128842267,1.1148147735253788e-05,0.594445578925873,0.9200377659960782
1229,0.0,0.0004137661199990997,0.0,0.7567898713498059,0.8915922240782436
1331,0.3333333333333333,0.0,0.004275314656469828,0.6899462255802872,0.9017599922531291
1291,0.0,0.00032547293121268096,0.0,0.09379892451160576,0.3648049967317889
1201,0.0,0.0024271970721286102,0.0,0.6958001497515486,0.9014936935628345
2006,0.0,0.0007530889631782778,1.1148147735253788e-05,0.3052208835341367,0.6036265039823759
4028,0.0,0.0007981011770693932,0.0,0.9123953440882172,0.8903091485704603
63,0.0,0.0011547364102066926,5.016666480864205e-05,0.8265604792049553,0.8512358680126856
57,0.0,0.0011945549071103716,0.0,0.8247226192907223,0.8482823734475998
1059,0.3333333333333333,1.211867297068493e-05,0.06092184033622814,0.5216118712136683,0.4536035054591231
859,0.0,0.0007392390512117807,0.0,0.49676672792866394,0.5959522599075219
1296,0.3333333333333333,3.4624779916242656e-06,0.024570517608499348,0.6602681914097067,0.9169390175999227
978,0.3333333333333333,2.423734594136986e-05,0.015300832766635825,0.5845755904975837,0.8579417532137411
857,0.0,0.001419615976565949,2.787036933813447e-06,0.2852767000204207,0.6115428377756796
3638,0.0,0.008091811066425909,0.0,0.6834116125519026,0.6101629263805167
364,0.0,0.001630827134055029,1.3935184669067235e-05,0.43101218433054245,0.6009877260512747
690,0.0,0.0015182965993272405,0.0,0.30814784561976716,0.5882295978889777
220,0.0,0.0014750156244319372,1.1148147735253788e-05,0.5215438023279558,0.8771152589149539
177,0.0,0.002179629895727475,0.0,0.3528010346470628,0.6225821289369841
357,0.0,0.0013243978317962815,0.0,0.8534476890613302,0.9717481298569249
2010,0.0,0.0012966980078632875,0.0,0.43101218433054245,0.6196044254000533
633,0.3333333333333333,3.4624779916242656e-06,0.010245147768698231,0.446668028044381,0.691819788413586
132,0.0,0.0010404746364830917,0.0,0.5881832414403377,0.8300288086764956
106,0.0,0.0005990086925509979,0.0,0.6522360628956504,0.8294962112959062
427,0.0,0.0006492146234295498,4.1805554007201704e-05,0.44020148390170866,0.8623477860895249
310,0.0,0.0005851587805845009,0.0,0.46879041590089165,0.7923354395138839
76,0.0,0.0011633926051857531,2.787036933813447e-06,0.8315975767476685,0.9903406202338588
707,0.0,0.00122571720903499,0.0,0.42168674698795183,0.638898975960491
3796,0.0,0.004601633250868649,0.0,0.48900687495745687,0.6350497494371415
192,0.0,0.0012101360580726809,0.0,0.6405282145531278,0.8447478635582347
254,0.0,0.0006682582523834833,0.0,0.5403308147845619,0.868690536712906
582,0.0,0.0021813611347232874,0.0,0.30385950581988974,0.6266492362069384
890,0.0,0.0003843350570702935,0.0,0.5290313797563134,0.8560776623816787
443,0.0,0.0015165653603314284,0.0,0.8506568647471241,0.9184399738543104
187,0.0,0.0027578637203287274,0.0,0.4231842624736234,0.7227830634032973
217,0.0,0.0025276089338857138,0.0,0.4093662786740181,0.7615416273270875
888,0.0,0.001447315800498943,0.0,0.3312231978762509,0.5884716876074273
190,0.0,0.0034122720607457136,5.574073867626894e-06,0.3876523041317813,0.759120730142591
320,0.0,0.0019788061722132676,0.0,0.28847593764890067,0.5814026678286973
1263,0.0,0.009265591105586534,0.00037624998606481535,0.6379415968960588,0.9239596194349627
1325,0.0,0.00027699823932994126,0.0,0.41617316724525233,0.5550148885176848
786,0.0,0.0013278603097879058,2.787036933813447e-06,0.7618950377782315,0.8746217348149224
696,0.0,0.01142098365537264,0.0,0.36886529167517523,0.6540780013072846
609,0.0,0.001341710221754403,0.0,0.7467156762643795,0.9283172343670566
255,0.0,0.001069905699411898,0.0,0.7869443877203731,0.8717408671653716
193,0.0,0.0011201116302904498,2.787036933813447e-06,0.4018787012456607,0.7517612027017214
1297,0.0,0.0013001604858549117,0.0,0.7360969300932544,0.9022925896337183
112,0.0,0.0014421220835115066,2.5083332404321025e-05,0.5254917976992718,0.8580870070448109
889,0.0,0.0005193716987436398,2.787036933813447e-06,0.522156422299367,0.8579175442418961
4004,0.0,0.0007513577241824656,0.0,0.8894561296031583,0.8615730989904858
673,0.0,0.0015459964232602346,0.0,0.416513511673814,0.6514150144043384
507,0.3333333333333333,3.462477991624266e-05,0.02818530451165539,0.5704853311551291,0.9127024475270537
233,0.0,0.0012638044669428569,0.0,0.40072153018855083,0.7494855593482946
140,0.0,0.0021190365308740504,0.0,0.5634742359267578,0.8398092333018617
168,0.0,0.04287759620927909,3.3444443205761364e-05,0.4223674358450752,0.7413271358365411
85,0.0,0.0020947991849326808,8.361110801440341e-06,0.6960043564086856,0.8088701672839954
170,0.0,0.0011408864982401954,0.0,0.44353685930161324,0.7303604715907716
508,0.3333333333333333,2.0774867949745592e-05,0.009364444097613183,0.7473282962357907,0.8504127629699568
509,0.3333333333333333,2.7699823932994125e-05,0.06336328469024871,0.6845007147233001,0.8568765584525625
387,0.0,0.0016325583730508412,0.0,0.41202096521679954,0.7499455298133489
1095,0.0,0.0006492146234295498,0.0,0.16411408345245382,0.504636018108311
98,0.0,0.0005626526736389432,0.0,0.39745422367435845,0.7017938848137121
510,0.3333333333333333,1.211867297068493e-05,0.05624519236128917,0.6325641549247839,0.8740165105187984
274,0.0,0.0023631412292835613,0.0,0.35708937444694044,0.5841382816471784
297,0.0,0.0015009842093691192,2.787036933813447e-06,0.5303927574705601,0.8956351223763527
512,0.3333333333333333,3.4624779916242656e-06,0.0076587774941193525,0.7357565856646927,0.8299561817609608
764,0.0,0.0011149179133030135,0.0,0.3071268123340821,0.6115428377756796
316,0.0,0.0020636368830080623,0.0,0.3834320332176163,0.7306267702810662
345,0.0,0.0011668550831773776,2.787036933813447e-06,0.8846913076032946,0.9778003728181665
6900,0.0,0.1752844858479868,0.0005100277588878608,0.4094343475597305,0.705304185731232
107,0.0,0.0004743594848525244,4.459259094101515e-05,0.21421278333673677,0.5692013460188347
249,0.0,0.0026003209717098234,0.0,0.41664964944523863,0.6773186142784516
875,0.0,0.0003947224910451663,2.787036933813447e-06,0.42767680893063786,0.7254944682499335
845,0.0,0.0012447608379889234,2.787036933813447e-06,0.16179974133823427,0.5184351320599415
3488,0.0,0.0019355251973179645,0.00010590740348491098,0.5394459192703015,0.5624954608177791
189,0.0,0.0017901011216697453,0.0,0.46749710707235714,0.7865494952429372
634,0.3333333333333333,6.405584284504892e-05,0.06629246050768665,0.44864202573003886,0.6875105914251821
388,0.0,0.0010543245484495888,2.787036933813447e-05,0.752978013749915,0.8357179170600625
654,0.3333333333333333,4.674345288692759e-05,0.05292861841005117,0.49901300115717107,0.7923596484857288
579,0.0,0.0023527537953086887,8.361110801440341e-06,0.5395820570417263,0.9482412181954633
1130,0.0,0.0004206910759823483,0.0,0.6501259274385679,0.9519209819158981
295,0.0,0.0009192879067762425,0.0,0.8222040705193655,0.779601520323432
1166,0.0,0.0004570470948944031,0.0,0.4849227418147165,0.632435180477885
605,0.0,0.0009677625986589822,0.0,0.7576066979783541,0.9135013435979374
743,0.0,0.001655064479996399,0.0,0.4215506092165272,0.6271818335875275
267,0.0,0.003337828783925792,2.787036933813447e-05,0.3506908991899803,0.706732515070085
47,0.0,0.007432209009021486,4.73796278748286e-05,0.7347355523790077,0.8410196818941099
3572,0.0,0.002271385562505518,0.0,0.6258934041249745,0.6883579054397561
1285,0.0,0.0009140941897888062,0.0,0.853651895718467,0.9063596969036726
664,0.0,0.0009106317117971818,0.0,0.7638690354638894,0.9353620451739416
88,0.0,0.00014715531464403128,0.0,0.42216322918793814,0.6454838163023217
1094,0.0,0.000924481623763679,0.0,0.2860935266489687,0.6080809548018496
580,0.0,0.0013295915487837179,2.787036933813447e-05,0.4601456674154244,0.8300772266201856
1085,0.0,0.00029950434627549897,2.787036933813447e-05,0.0,0.45016583145713807
1264,0.0,0.0030158183307047353,0.0,0.41372268735960793,0.6157794078485487
3766,0.0,0.001732970234807945,0.0,0.5297801374991492,0.5516256324593894
1374,0.0,0.0008794694098725634,0.0,0.4076645565312097,0.5325489626455565
1139,0.0,0.07728077753405779,0.00449549057424109,0.6523041317813628,0.90117897692885
768,0.0,0.001121842869286262,5.574073867626894e-06,0.16881083656660534,0.5510446171351103
1198,0.0,0.0008465758689521329,0.0,0.41127220747396376,0.4778366862759339
3656,0.0,0.000756551441169902,0.0,0.5827377305833504,0.5039823758684968
1207,0.0,0.0012412983599972992,0.0,0.6492410319243075,0.9096279081027429
585,0.0,0.0010854868503742073,0.0,0.7482812606357635,0.8680368944730917
1230,0.0,0.0007375078122159686,2.787036933813447e-06,0.7816350146348104,0.8885661025976227
2023,0.0,0.0009798812716296673,2.787036933813447e-06,0.37934790007487573,0.4900864260294865
380,0.0,0.0015823524421722894,5.574073867626894e-06,0.8780886256891974,0.9632507807393421
715,0.0,0.0017675950147241876,0.0,0.4717854468722348,0.7626552400319558
1271,0.0,0.010799468855876085,0.0004905185003511666,0.34340752841875977,0.4875686929576101
7000,1.0,0.09276151663460988,0.0658883401522837,0.39316588387448104,0.6436439344421042
52,0.0,0.001407497303595264,8.361110801440341e-06,0.39160029950309727,0.5726390200208197
595,0.0,0.0012222547310433657,0.0,0.528963310870601,0.9153170164863099
1171,0.0,0.001267266944934481,0.00013935184669067234,0.6942345653801648,0.8936257777132205
1255,0.0,0.00030816054125455965,0.0,0.5197059424137228,0.1164935725179751
674,0.0,0.0011928236681145595,1.1148147735253788e-05,0.5384929548703289,0.9411479894448883
24,0.0,0.0013330540267753423,0.0,0.36260295418963995,0.5389401312126275
1310,0.0,0.004144586155974246,0.0,0.4861479817575386,0.6344445251410172
1173,0.0,0.00021986735246814086,2.787036933813447e-06,0.6333129126676197,0.9140097320066817
1060,0.3333333333333333,1.211867297068493e-05,0.03920524854795376,0.37825879790347827,0.47527053526036755
2055,0.0,0.0024185408771495494,5.574073867626894e-06,0.4697433803008645,0.7705957827971047
102,0.0,0.000443197182927906,0.00011426851428635132,0.44775713021577845,0.8153581717384463
771,0.0,0.0016706456309587081,0.0,0.5335239262133279,0.5820805190403565
3569,0.0,0.0007755950701238355,0.0,0.5777687019263494,0.7695547970077711
3709,0.0,0.004620676879822583,0.0,0.4877135661289226,0.6161425424262231
4204,0.0,0.0007946386990777689,0.0,0.8842148254033081,0.854431452296221
1141,0.0,0.0004414659439320939,0.0,0.45701449867265687,0.6387779311012661
1318,0.0,0.0007530889631782778,2.787036933813447e-06,0.38145803553195845,0.7649550923572276
1080,0.0,0.002136348920832172,2.787036933813447e-06,0.24103192430739917,0.5092115137870096
829,0.0,0.0007600139191615263,0.0,0.08025321625484994,0.4533372067688285
573,0.0,0.0008379196739730722,0.0,0.19147777550881495,0.5555716948701189
1015,0.0,0.04147875510066289,0.00025919443484465055,0.5624532026410728,0.6028518168833371
516,0.3333333333333333,3.808725790786692e-05,0.04301512803647674,0.6286842284391804,0.9038661728036411
4201,0.3333333333333333,1.7312389958121328e-06,0.031156285883100526,0.9556190865155537,0.9961991914203404
481,0.3333333333333333,3.462477991624266e-05,0.06392347911394522,0.7290858348648833,0.894763599389934
689,0.0,0.0023008166254343244,0.0,0.44020148390170866,0.8525673614641586
65,0.0,0.0033014727650137374,0.00012541666202160512,0.7872847321489348,0.8818117994528772
874,0.0,0.04443744254450582,1.6722221602880682e-05,0.6216050643250971,0.8386472026533033
3561,0.0,0.0009937311835961642,0.0,0.5568715540126609,0.5599777277459027
3751,0.0,0.0007755950701238355,0.0,0.6852494724661357,0.6807804972522818
586,0.0,0.0014680906684486886,0.0,0.5809679395548296,0.8124046771733605
375,0.0,0.001971881216230019,0.0,0.48716901504322385,0.7601617159319244
695,0.0,0.0009071692338055576,2.2296295470507576e-05,0.09291402899734535,0.469242501270971
1155,0.0,0.0011703175611690018,0.0,0.6627186712953509,0.796523591643063
722,0.0,0.0018818567884477883,2.787036933813447e-06,0.40038118575998916,0.6691843997385433
2029,0.0,0.0013746037626748335,0.0,0.567490300183786,0.816326530612245
1140,0.0,0.0034105408217499017,5.574073867626894e-06,0.3220338983050849,0.34880286634226654
897,0.0,0.00029257939029225046,0.00038461109686625567,0.4093662786740181,0.7485172004744959
1200,0.0,0.16143111140349814,8.639814494821686e-05,0.47219386018650866,0.6286585808700705
3797,0.0,0.13222164706615583,0.0,0.49343135252875914,0.6383421696080568
269,0.0,0.00185069448652317,0.0,0.7476005717786399,0.8140508872588182
208,0.0,0.0020965304239284927,2.787036933813447e-06,0.5666054046695256,0.6012298157697243
635,0.3333333333333333,5.193716987436398e-06,0.011365536616091238,0.6558437138384045,0.7945626649236207
1163,0.0,0.0007755950701238355,1.1148147735253788e-05,0.7173099176366483,0.9040356356065559
1178,0.0,0.0025778148647642657,0.0,0.6148662446395753,0.8783257075072023
606,0.0,0.0023042791034259486,0.0,0.4173984071880744,0.6705158931900163
28,0.0,0.02566561811291487,3.3444443205761364e-05,0.36423660744673614,0.6167719756941924
104,0.0,0.0013088166808339723,0.0,0.6491048941528826,0.8313360931561237
517,0.3333333333333333,1.904362895393346e-05,0.010916823669747272,0.5293036552991627,0.9207156172077372
3599,0.0,0.0010543245484495888,0.0,0.7955891362058404,0.7548841600697219
1196,0.0,0.0004622408118818395,0.0,0.5033013409570485,0.4814196141089889
308,0.0,0.0014161534985743247,0.0,0.8294193724048738,0.9222649914058151
776,0.0,0.0008258010010023873,0.0,0.46960724252943986,0.5889316580724818
43,0.0,0.002685151682504618,0.0001783703637640606,0.8330950922333401,1.0
822,0.0,0.0015494589012518588,2.787036933813447e-06,0.5049349942141447,0.5808942794199531
1128,0.0,0.0006319022334714284,0.0,0.5607514804982642,0.7920933497954342
2054,0.0,0.0008154135670275145,0.0,0.658362262609761,0.8031326409567386
649,0.3333333333333333,2.0774867949745592e-05,0.0055880090522959615,0.49268259478592336,0.775994383518532
4019,0.0,0.0005176404597478277,0.0,0.9358110407732626,0.8628077565545792
1282,0.0,0.001251685793972172,0.0,0.736028861207542,0.7781731909845789
607,0.0,0.0017052704108749509,0.0,0.7466476073786673,0.921635558137846
731,0.0,0.0013780662406664577,0.0,0.30644612347695876,0.6082504176047644
1268,0.0,0.016069360359128218,0.00038182405993244226,0.424137226873596,0.4758273416128017
3614,0.0,0.00028738567330481406,0.0,0.7373221700360765,0.7009223618272932
1343,0.3333333333333333,0.0,0.002338323987469482,0.5076577496426383,0.46602270801559065
382,0.0,0.0024306595501202345,0.0,0.38479341093186303,0.7657781973999566
1202,0.0,0.0009279441017553032,5.852777561008239e-05,0.6744945885235859,0.9000169462802915
164,0.0,0.0006613332964002347,0.0,0.617793206725206,0.8079502263538868
2044,0.0,0.0006232460384923678,0.0,0.20236879722278955,0.4930883385382624
596,0.0,0.0007998324160652054,0.0,0.7913688652916752,0.9521872806061927
1154,0.0,0.00034105408217499015,4.73796278748286e-05,0.73044721257913,0.7743723824049192
2030,0.0,0.001069905699411898,0.0,0.3204002450479887,0.5649163580022757
1174,0.0,0.0014923280143900584,0.0,0.6172486556395073,0.8856610259762269
1205,0.0,0.0007946386990777689,0.0,0.5904975835545573,0.9354346720894765
48,0.0,0.0017831761656864969,8.361110801440341e-06,0.8206384861479817,0.8355242452853028
347,0.0,0.0004293472709614089,0.0,0.8126744265196378,0.9778729997337013
994,0.3333333333333333,0.0,0.0038711943010668777,0.5898849635831461,0.8462730287844676
1258,0.0,0.0005990086925509979,2.787036933813447e-06,0.7360969300932544,0.8831917108480404
263,0.0,0.0006111273655216828,1.9509258536694127e-05,0.8482063848614799,0.840293412738761
298,0.0,0.0007478952461908414,0.0,0.7693145463208767,0.7896966615827826
742,0.0,0.0020965304239284927,1.3935184669067235e-05,0.47212579130079646,0.6035296680949961
748,0.0,0.00148540305840681,0.0,0.1983527329657614,0.47560946086619704
4203,0.3333333333333333,0.0,0.010351055172183142,0.9475188891157852,0.9874355436124628
197,0.0,0.001707001649870763,0.0,0.4048737322170036,0.7543031447454428
1082,0.0,0.0035680835703688057,0.0,0.20454700156558447,0.4950250562858597
678,0.0,0.0006596020574044226,0.0,0.849431624804302,0.8464424915873824
694,0.0,0.0035299963124609387,0.0,0.41215710298822417,0.8059166727189097
272,0.0,0.0008119510890358903,2.787036933813447e-06,0.8180518684909127,0.7890672283148136
3657,0.0,0.001030087202508219,0.0,0.5704853311551291,0.4991889994431936
570,0.0,0.0016602581969838355,1.1148147735253788e-05,0.6329044993533456,0.9294308470719249
416,0.0,0.0013278603097879058,0.0,0.8522905180042203,0.9896143510785097
290,0.0,0.0012966980078632875,0.0,0.42815329113062417,0.8091848839179802
518,0.3333333333333333,0.00014542407564821914,0.008809823747784306,0.6304540194677014,0.9322632967777859
3616,0.0,0.06594635582847576,0.00017279628989643373,0.6625825335239263,0.5975742610211344
3608,0.0,0.002177898656731663,8.361110801440341e-06,0.7250697706078552,0.6757450311085288
1127,0.0,0.0014542407564821916,0.0,0.7339187257504595,0.7846611954390298
4008,0.0,0.000964300120667358,0.0,0.9023211490027908,0.8955867044326628
286,0.0,0.0013711412846832093,5.574073867626894e-06,0.5362466816418215,0.6076694022804853
3752,0.0,0.0015685025302057923,0.0,0.6196310666394392,0.6712905802890551
3651,0.0,0.002647064424596751,0.0,0.6623102579810768,0.6239862493039922
1327,0.3333333333333333,1.0387433974872796e-05,0.0419699891862967,0.5656524402695527,0.8046578061829716
3653,0.0,0.0011478114542234441,0.0,0.6131645224967667,0.5481879584574044
3637,0.0,0.0017225828008330722,0.0,0.510584711728269,0.7013339143486578
1063,1.0,0.029585143199433537,0.013230064324812434,0.6433190388673337,0.9289708766068706
344,0.0,0.0014057660645994518,0.0,0.48390170852903147,0.7791899678020674
230,0.0,0.0014940592533858705,0.0,0.39445919270301555,0.6740504030793814
668,0.0,0.0017693262537199998,2.787036933813447e-06,0.18092709822340203,0.5233495533444695
3745,0.0,0.000952181447696673,0.0,0.5372677149275066,0.4860435277313774
325,0.0,0.0020168934301211345,0.0,0.566469266898101,0.9419226765439271
757,0.0,0.002359678751291937,0.0,0.3834320332176163,0.6315636574914664
58,0.0,0.00024410469840951073,0.0,0.7913688652916752,0.8687873726002858
1222,0.0,0.0018524257255189821,0.0,0.5941733033830235,0.8812307841285981
1370,0.0,0.0010837556113783952,0.0,0.5101082295282827,0.7804488343380057
3576,0.0,0.00443197182927906,0.0,0.7192839153223062,0.6072094318154307
1190,0.0,0.0017814449266906846,0.0,0.7122047512082227,0.8720797927712011
99,0.0,0.008682163563997846,0.000549046275961249,0.3338098155333197,0.2872636599123636
3610,0.0,0.0003583664721331115,0.0,0.723640324007896,0.5405621323262401
648,0.0,0.0006647957743918589,0.0,0.4962902457286774,0.7747355169825939
22,0.0,0.0006665270133876712,8.361110801440341e-06,0.3246885848478661,0.6646089040598447
843,0.0,0.0007098079882829745,2.787036933813447e-06,0.8128105642910625,0.9828600479337642
4101,0.0,0.0012863105738884146,0.0,0.9597032196582943,0.9611446001888301
1340,0.0,0.0008673507369018785,0.0,0.3519161391328024,0.35812332050257834
97,0.0,0.0011443489762318199,0.0,0.6684364576951874,0.8186748008812067
66,0.0,0.0021605862667735416,0.0,0.6624463957525016,0.8193526520928657
1098,0.0,0.0038606629606610563,0.0,0.2754747804778436,0.5752777979519211
421,0.0,0.0008327259569856359,0.0,0.32489279150500316,0.38920764035151423
765,0.0,0.0012447608379889234,5.574073867626894e-06,0.2969845483629433,0.608492507323214
378,0.0,0.000586890019580313,0.0,0.8149887686338574,0.9916963226571768
520,0.3333333333333333,0.0,0.02333586024681999,0.672520590837928,0.8552787663107949
3605,0.0,0.0003116230192461839,1.1148147735253788e-05,0.7808181880062625,0.686905367129058
620,0.0,0.0012066735800810567,0.0,0.26458375876386897,0.5770934708402934
3785,0.0,0.0005366840887017612,0.0,0.7887141787488939,0.7419807780763551
670,0.0,0.0009608376426757337,2.787036933813447e-06,0.4299911510448574,0.6221221584719298
563,0.0,0.001642945807025714,0.0,0.4009938057314003,0.6091219405911831
732,0.0,0.0014023035866078276,0.0,0.847866040432918,0.9264531435349942
395,0.0,0.0017398951907911934,0.0,0.2811244979919679,0.4859709008158425
130,0.0,0.002200404763677221,0.0,0.5571438295555101,0.8204178468540441
729,0.0,0.001812607228615303,0.0,0.35178000136137777,0.6593071392257971
194,0.0,0.001069905699411898,0.0,0.4039207678170308,0.7524148449415354
213,0.0,0.0017710574927158119,2.787036933813447e-06,0.4559253965012594,0.7872757643982861
425,0.0,0.0018316508575692365,2.787036933813447e-06,0.4144033762167313,0.7178928510906143
791,0.0,0.001840307052548297,0.0,0.221836498536519,0.5649163580022757
1315,0.0,0.006261891447852485,0.0,0.4487781635014635,0.6992035248263008
1184,0.0,0.00032893540920430524,0.0,0.69409842760874,0.9361125233011355
3648,0.0,0.0015425339452686104,0.0,0.4864883261861003,0.6377369453119327
4551,0.0,0.0010785618943909587,2.5083332404321025e-05,0.9075624532026411,0.8680853124167817
1124,0.0,0.0007738638311280234,0.0,0.7098223402082907,0.3703972692279759
408,0.0,0.0010716369384077102,2.787036933813447e-06,0.8458920427472602,0.9681894109957151
1197,0.0,0.0003808725790786692,1.6722221602880682e-05,0.48008985092914036,0.1331493451473117
524,0.3333333333333333,1.7312389958121328e-06,0.006471499760314824,0.7161527465795384,0.8214104146996878
396,0.0,0.0017243140398288843,0.0,0.3880607174460554,0.4479386060474012
315,0.0,0.0016758393479461445,0.0,0.25981893676400525,0.5660057617352993
3724,0.0,0.0006093961265258707,0.0,0.4538833299298891,0.5205655215822985
309,0.0,0.002046324493049941,0.0,0.27458988496358316,0.5556443217856538
80,0.0,0.0016048585491178471,8.361110801440341e-06,0.591858961268804,0.8419154138523738
9100,0.0,0.09811797008765262,0.003960379482948908,0.5286229664420393,0.9271794126903431
4304,0.0,0.0016706456309587081,0.0,0.9652848682867062,0.8805045149732492
55,0.0,0.0010093123345584734,0.0,0.2675107208494997,0.5559832473914833
1366,0.0,0.0021934798076939724,0.0,0.03178816962766329,0.43254169995400293
926,0.0,0.0003479790381582387,0.00014771295749211268,0.44523858144442185,0.7869126298206116
590,0.0,0.0006042024095384344,0.0,0.8197535906337213,0.8147771564141671
4303,0.0,0.0001904362895393346,0.0,0.937512762916071,0.9957634299271311
405,0.0,0.0017173890838456357,1.1148147735253788e-05,0.517187393642366,0.6051274602367639
296,0.0,0.0005366840887017612,2.787036933813447e-06,0.8062078823769655,0.788776720652674
3725,0.0,0.004019936948275772,0.0,0.5576883806412088,0.5698791972304936
1057,0.0,6.924955983248532e-05,4.1805554007201704e-05,0.7009053161799742,0.42920086183939776
1314,0.0,0.0016464082850173383,0.0,0.5836226260976108,0.9322875057496308
1279,0.0,0.00019736124552258315,0.0,0.487032877271799,0.130002178807466
312,0.0,0.0004016474470284148,0.0,0.4219590225308013,0.838986128259133
686,0.0,0.001992656084179765,8.361110801440341e-06,0.4269961200735145,0.7026654078001308
858,0.0,0.002333710166354755,0.0,0.4169219249880879,0.6923281768223305
827,0.0,0.001172048800164814,0.0,0.2981417194200532,0.6046190718280194
1071,0.0,0.001449047039494755,3.0657406271947916e-05,0.46831393370090535,0.5688140024693152
3573,0.0,0.0025708899087810173,0.0,0.5466612211558096,0.6583629893238435
1259,1.0,0.0002804607173215655,0.00045149998327777843,0.4512286433871079,0.6077662381678651
15,0.0,0.0006163210825091193,0.0,0.32822816690490775,0.5408042220446899
1333,0.0,0.0036840765830882184,0.0,0.45783132530120485,0.6213716803447359
1061,1.0,0.05151474755938582,0.033385915430151285,0.6726567286093527,0.8468056261650568
3790,0.0,0.001497521731377495,0.0,0.5308011707848342,0.698210956980657
1284,0.0,0.004636258030784892,2.787036933813447e-05,0.5592539650125928,0.8604352773137726
257,0.0,0.001017968529537534,0.0,0.4144714451024437,0.6683370857239693
3726,0.0,0.004125542527020312,0.0,0.6220815465250834,0.5614544750284457
447,0.0,0.003375916041833659,0.0,0.3994282213600163,0.7413029268646961
833,0.0,0.00033412912619174164,0.0,0.6938942209516031,0.802091655167405
59,0.0,0.002569158669785205,0.0,0.43393914641617315,0.5566368896312973
844,0.0,0.00073058285623272,0.0,0.13947314682458656,0.5155784733822356
2045,0.0,0.0012412983599972992,0.0,0.33238036893336054,0.5649889849178106
3767,0.0,0.0012551482719637963,0.0,0.5551698318698522,0.6497203863751907
449,0.0,0.0030954553245120934,0.0,0.408957865359744,0.6725252378531484
809,0.0,0.0009348690577385517,8.361110801440341e-05,0.46708869375808326,0.5938944973006998
522,0.3333333333333333,3.462477991624266e-05,0.036490674574419464,0.6684364576951874,0.9075459365240758
433,0.0,0.0011893611901229353,0.0,0.4155605472738412,0.8213862057278428
777,0.0,0.0010110435735542855,1.3935184669067235e-05,0.43645769518752975,0.611324957029075
705,0.0,0.0007011517933039138,0.0,0.43264583758763864,0.6730578352337376
1147,0.0,0.0005297591327185126,0.0,0.6724525219522156,0.9424310649526716
4014,0.0,0.0012343734040140507,0.0,0.9463617180586753,0.8859515336383664
1369,0.0,0.0010612495044328373,0.0,0.41671771833095106,0.5165226232841892
174,0.0,0.0011010680013365164,0.0,0.320876727247975,0.6420461423003366
1254,0.0,0.0007755950701238355,0.0,0.5086107140426112,0.6114944198319897
523,0.3333333333333333,3.4624779916242656e-06,0.0052229072139664,0.6889251922946021,0.8260585372939212
3655,0.0,0.003088530368528845,5.574073867626894e-06,0.4958818324144033,0.64674268283826
351,0.0,0.0042605791686936585,0.0,0.2272820093935063,0.5871159851841093
1419,0.0,0.0008621570199144422,0.0,0.23048124702198625,0.5861718352821556
1195,0.0,0.00033586036518755375,0.00034559257979286745,0.08719624259750869,0.3582201563899582
1280,0.0,0.00049513435280227,0.0,0.07154039888367036,0.36323141356186606
851,0.0,0.001928600241334716,0.0,0.4683820025866178,0.7387609848209747
359,0.0,0.0007288516172369079,0.0,0.22877952487917785,0.5810879511947128
808,0.0,0.0009539126866924852,8.361110801440341e-06,0.4327819753590635,0.7096133827196359
553,0.0,0.0012568795109596084,0.0,0.3065822612483834,0.5686929576100904
720,0.0,0.0024064222041788644,1.6722221602880682e-05,0.2601592811925669,0.6096787469436175
256,0.0,0.0012603419889512326,2.787036933813447e-06,0.7576066979783541,0.7918754690488296
11,0.0,0.0009487189697050488,0.0,0.28037574024913214,0.5517950952623042
165,0.0,0.0012534170329679842,0.0,0.6228303042679192,0.8093543467208949
402,0.0,0.0010906805673616437,0.0,0.04764821999863866,0.45270777350085945
699,0.0,0.0015182965993272405,0.0,0.230208971479137,0.5729779456266494
2047,0.0,0.0010248934855207827,0.0,0.22578449390783473,0.516667877115259
69,0.0,0.0006682582523834833,2.787036933813447e-06,0.07664556531209588,0.4722444137797469
348,0.0,0.001057787026441213,0.0,0.1929072221087741,0.5280460938823929
769,0.0,0.0017052704108749509,0.0,0.4602137363011368,0.8444331469242502
2048,0.0,0.001185898712131311,0.0,0.23592675787897355,0.5146101145084369
331,0.0,0.0022246421096185904,0.0,0.376965489074944,0.643958651076089
602,0.0,0.0006232460384923678,0.0,0.07235722551221846,0.4790229258963373
1236,0.0,0.0015979335931345987,1.1148147735253788e-05,0.455857327615547,0.6960563584864551
825,0.0,0.0024323907891160464,2.5083332404321025e-05,0.5020761010142264,0.5881327620015978
1143,0.0,0.0006855706423416046,6.688888641152273e-05,0.543325845755905,0.9159706587261239
7200,0.0,0.08708997768432934,0.00012820369895541857,0.3351031243618542,0.6369864671847386
186,0.0,0.0007184641832620351,1.9509258536694127e-05,0.3774419712749303,0.7571355944513037
3787,0.0,0.0037169701240086493,2.787036933813447e-06,0.5062283030426792,0.64674268283826
3713,0.0,0.0002787294783257534,1.3935184669067235e-05,0.7663195153495338,0.6316120754351563
158,0.0,0.002974268594805244,0.0,0.37349397590361455,0.6255356235020698
3620,0.0,0.00017485513857702542,0.0,0.7581512490640528,0.6480015493741981
1372,0.0,0.0008621570199144422,0.0,0.3765570757606699,0.6087103880698187
435,0.0,0.0015269527943063011,0.0,0.3515757947042407,0.6361149441983199
7300,0.3333333333333333,0.0002527608933885714,0.21543516794684564,0.6542781294670207,0.8450625801922192
2500,0.0,0.04131428739606074,0.0007887314522692055,0.49295487032877283,0.862953010385649
3555,0.0,0.0003635601891205479,5.574073867626894e-06,0.7512762916071064,0.6535938218703853
693,0.0,0.0011322303032611349,0.0,0.4538152610441767,0.5729537366548044
1242,0.0,0.0015408027062727982,5.574073867626894e-06,0.16717718330950937,0.5421841334398528
792,0.0,0.0008258010010023873,0.0,0.5529916275270573,0.9234512310262183
246,0.0,0.06491626862596754,0.00012820369895541857,0.19590225308011722,0.5016098966276902
7400,0.0,0.3822644952313022,0.001527296239729769,0.3775781090463549,0.7415934345268357
525,0.3333333333333333,1.7312389958121328e-06,0.011897860670449605,0.684909128037574,0.909531072215363
578,0.0,0.0007201954222578473,0.0,0.7174460554080729,0.9324327595807006
587,0.0,0.006987280587097768,2.787036933813447e-06,0.38731195970321963,0.6692570266540782
2046,0.0,0.001237835882005675,5.574073867626894e-06,0.3229868627050575,0.568160360229501
942,0.3333333333333333,0.0,0.0005072407219540474,0.5736164998978966,0.8625898758079745
526,0.3333333333333333,0.0,0.007271379360319284,0.6798720304948608,0.8192800251773308
3756,0.0,0.002318129015392446,0.0,0.5378803348989177,0.4934030551722469
1238,0.0,0.00036529142811636,0.0,0.03757402491321227,0.45263514658532455
7500,0.3333333333333333,4.847469188273972e-05,0.08827939487854093,0.657137022666939,0.8887113564286925
1245,0.3333333333333333,0.0,0.009308703358936913,0.6981825607514806,0.8967971530249111
3567,0.0,0.0023042791034259486,0.0,0.49806003675719823,0.7216936596702738
1156,0.0,0.0004812844408357729,0.0,0.47709481995779723,0.07480572300094412
3777,0.0,0.0008985130388264969,0.0,0.4009938057314003,0.4855593482944779
419,0.0,0.0014784781024235615,0.0,0.16336532570961826,0.5149732490861113
1360,0.3333333333333333,3.4624779916242656e-06,0.005197823881562078,0.44517051255870943,0.4566538359115889
454,0.0,0.0014767468634277494,1.3935184669067235e-05,0.5359063372132599,0.9330379838768249
1176,0.0,0.0007617451581573384,1.9509258536694127e-05,0.5836226260976108,0.28474592684048716
610,0.0,0.0019060941343891581,5.574073867626894e-06,0.3650534340752841,0.6272302515312175
4501,0.3333333333333333,1.7312389958121328e-06,0.007407944170076142,0.8639302974610307,0.997918028421333
892,0.0,0.0011478114542234441,1.3935184669067235e-05,0.5812402150976789,0.9379524051613529
376,0.0,0.0014663594294528765,0.0,0.5306650330134096,0.9228702157019392
794,0.0,0.0009140941897888062,0.0,0.40820910761690843,0.5755198876703708
1199,0.0,0.0033049352430053617,2.787036933813447e-06,0.5772922197263631,0.8665843561623939
2035,0.0,0.0008915880828432484,2.787036933813447e-06,0.40460145667415437,0.6942648945699276
826,0.0,0.0007409702902075928,2.787036933813447e-06,0.3124361854196448,0.5475827341612801
528,0.3333333333333333,6.924955983248531e-06,0.009121971884371412,0.6740861752093118,0.8688115815721308
737,0.0,0.001958031304263522,0.0,0.45660608535838276,0.7458300045997047
666,0.0,0.012821556002984656,0.00034559257979286745,0.3673677761895039,0.46016413682910884
810,0.0,0.0011287678252695106,0.0,0.4547001565584371,0.8237102670249595
32,0.0,0.0011253053472778864,8.361110801440341e-06,0.2735007827921857,0.5593482944779337
328,0.0,0.00012984292468590995,0.0,0.12007351439656933,0.3329701987556589
1149,0.0,0.0014144222595785126,0.0,0.25273977264992176,0.5861960442540005
837,0.0,0.001565040052214168,0.0,0.4468041658158056,0.7270922603917013
711,0.0,0.002124230247861487,0.0,0.4069157987883739,0.6272544605030624
817,0.0,0.0025864710597433265,2.787036933813447e-06,0.26955278742086997,0.5899726438618152
3658,0.0,0.0015581150962309196,0.0,0.579266217412021,0.6566925702665408
1175,0.0,0.0006751832083667318,5.574073867626894e-06,0.6593152270097339,0.33626261892657416
530,0.3333333333333333,0.00011945549071103717,0.01583873089486182,0.7224831529507861,0.8811581572130632
156,0.0,0.0006786456863583561,5.574073867626894e-06,0.3157034919338372,0.6341298085070327
511,0.3333333333333333,5.193716987436398e-06,0.023280119508143723,0.6332448437819073,0.8492507323213984
687,0.0,0.0019891936061881407,0.0,0.43176094207337823,0.8255743578570219
546,0.3333333333333333,0.0,0.002469314723358714,0.7208494996936899,0.9091437286658436
273,0.0,0.0011668550831773776,2.787036933813447e-06,0.8739364236607446,0.8669232817682234
2042,0.0,0.0010335496804998433,3.623148013957481e-05,0.7134299911510448,0.5096714842520639
436,0.0,0.001784907404682309,0.0,0.732012796950514,0.8331033481008062
1240,0.0,0.0019822686502048922,2.787036933813447e-06,0.10285208631134712,0.464303871014598
74,0.0,0.0011097241963155772,5.574073867626894e-06,0.4555169831869853,0.8445057738397851
167,0.0,0.0014455845615031309,0.0,0.4274045333877884,0.7603069697629942
289,0.0,0.002164048744765166,0.0,0.5280784153563406,0.899048587406493
383,0.0,0.0010456683534705283,0.0,0.7867401810632361,0.7829423584380372
367,0.0,0.0013919161526329549,0.0,0.5203185623851337,0.8254048950541072
270,0.0,0.0014905967753942463,2.787036933813447e-06,0.5302566196991355,0.8165686203306947
676,0.0,0.0006232460384923678,2.787036933813447e-06,0.07678170308352061,0.4831626600818263
157,0.0,0.0026003209717098234,2.787036933813447e-06,0.42182288475937646,0.7276490667441354
4503,0.0,0.0006422896674463012,0.0,0.9727043768293514,0.951339966591619
1320,0.3333333333333333,0.0,0.0008500462648131014,0.46613572935811043,0.8422785484300482
89,0.0,0.0009469877307092367,0.0,0.7161527465795384,0.8079260173820418
82,0.0,0.001315741636817221,0.0,0.7163569532366755,0.8065218970150337
806,0.0,0.0012828480958967904,2.787036933813447e-06,0.6183377578109047,0.29639044229791567
813,0.0,0.001966687499242583,2.787036933813447e-06,0.6126880402967804,0.9275909652117075
1056,0.0,0.00029950434627549897,0.0,0.5636103736981827,0.5970416636405452
426,0.0,0.0015962023541387863,0.0,0.43611735075896807,0.8384777398503885
532,0.3333333333333333,2.9431062928806256e-05,0.0371205449214613,0.6915118099516712,0.8505095988573367
521,0.3333333333333333,1.7312389958121328e-06,0.009765777416082318,0.5427132257844939,0.6010845619386546
223,0.0,0.0009435252527176124,0.0,0.4719215846436594,0.7864526593555573
622,0.0,0.0014940592533858705,0.0,0.2840514600775986,0.5751809620645413
4502,0.3333333333333333,0.0,0.005847203487140612,0.9312504254305357,0.9889607088386957
514,0.3333333333333333,1.5581150962309194e-05,0.003461499871796301,0.5388332992988906,0.6003098748396155
139,0.0,0.0009885374666087278,0.0,0.47049213804370027,0.7811024765778197
880,0.0,0.0028201883241779644,0.0,0.42434143353073306,0.7301425908441669
1251,0.0,0.0003375916041833659,0.0,0.7070995847797971,0.37289079332800734
871,0.0,0.0014351971275282582,0.0,0.42522632904499347,0.6788921974483745
7600,1.0,0.05808479954849287,0.044116007625333055,0.5204547001565584,0.9058270995230834
1146,0.0,0.0008829318878641878,0.0,0.14961541079572538,0.5100588278015833
3765,0.0,0.007643420166510566,0.0,0.6368524947246613,0.6760355387706684
3727,0.0,0.005882750107769627,0.0,0.5069089918998025,0.6758418669959086
688,0.0,0.0012326421650182386,0.0,0.7845619767204411,0.9388965550633065
3715,0.0,0.0024600906130490406,0.0,0.6554353005241303,0.611276539085385
1212,0.0,0.00022852354744720154,0.0,0.8005581648628411,0.9246374706466217
3824,0.0,0.00036182895012473574,0.0,0.6764685862092438,0.6688938920764035
779,0.0,0.0018801255494519762,0.0,0.5562589340412497,0.5899242259181253
385,0.0,0.0007582826801657142,2.787036933813447e-06,0.8110407732625416,0.9058755174667733
318,0.0,0.00036009771112892363,2.787036933813447e-06,0.08358859165475463,0.45549180526303046
773,0.0,0.0012793856179051661,0.0,0.479409162072017,0.807804972522817
319,0.0,0.0010058498565668492,8.361110801440341e-06,0.8607310598325505,0.9730796233083981
3660,0.0,0.006762219517642191,0.0,0.5543530052413043,0.7001960926719443
708,0.0,0.0013365165047669666,0.0,0.5697365734122933,0.9194567506717991
3712,0.0,0.0015425339452686104,0.0,0.5464570144986728,0.7329024136344929
534,0.3333333333333333,0.00032893540920430524,0.03431399872911116,0.507793887414063,0.8491538964340185
7700,0.0,0.09297272779209896,0.001527296239729769,0.6591110203525968,0.8221851017987266
3617,0.0,0.00526816026425632,0.0,0.6343339459533047,0.6440554869634688
3778,0.0,0.004201717042836046,0.0,0.49547341910012943,0.6884547413271359
917,0.0,0.0019407189143054008,0.0,0.6269144374106596,0.889001864090832
531,0.3333333333333333,7.271203782410957e-05,0.07188046955998262,0.6819821659519433,0.8852494734548625
1246,0.3333333333333333,0.0,0.004687796122674218,0.6103056292968484,0.9488464424915873
1335,0.3333333333333333,0.0,0.0022714351010579593,0.6514192362671024,0.8950056891083836
2560,0.0,0.044882370966429545,0.0023160276919989746,0.6029541896399156,0.4576464037572324
593,0.0,0.001983999889200704,2.787036933813447e-06,0.3180859029337689,0.5854213571549617
637,0.3333333333333333,7.271203782410957e-05,0.0702416918429003,0.5234497311279015,0.7907618563439612
1192,0.3333333333333333,1.3849911966497062e-05,0.05106687773826379,0.47927302430059215,0.43072602706563046
591,0.0,0.0017520138637618784,0.0,0.30215778367708135,0.6097271648873074
53,0.0,0.015247021836117454,0.00019230554843312783,0.4298550132734328,0.8422543394582033
3748,0.0,0.0018074135116278667,0.0,0.48335715744333274,0.5061127653908538
1151,0.0,0.0008638882589102543,8.361110801440341e-06,0.5641549247838814,0.21725131333672254
3768,0.0,0.003478059142586575,0.0,0.49894493227145864,0.6732272980366524
750,0.0,0.000900244277822309,0.0,0.21237492342250353,0.47626310310601105
838,0.0,0.0014559719954780038,0.0,0.38942209516030235,0.6185634396107197
537,0.3333333333333333,2.5968584937181993e-05,0.036875285671285715,0.43570893744469397,0.8171738446268187
1104,0.0,0.000612858604517495,0.0,0.8151929752909944,0.8498801655893674
1105,0.0,0.0021138428138866142,3.623148013957481e-05,0.8091348444625962,0.8564892149030431
1313,0.0,0.001916481568364031,0.0001532870313597396,0.8150568375195698,0.8528094511826084
767,0.0,0.0022090609586562816,0.0,0.4338030086447485,0.7308204420558259
749,0.0,0.0016360208510424654,8.361110801440341e-06,0.1791573071948812,0.4764325659089258
1185,0.0,0.0002458359374053229,0.0,0.615206589068137,0.9072796378337812
597,0.0,0.0011928236681145595,0.0,0.2760874004492547,0.6390200208197158
3723,0.0,0.0010993367623407043,0.0,0.5715744333265266,0.5186288038347012
3659,0.0,0.0032564605511226216,0.0,0.6098972159825743,0.6294332679691094
535,0.3333333333333333,1.211867297068493e-05,0.008823758932453372,0.6637397045810359,0.9380734500205777
2059,0.0,0.0009729563156464186,0.0,0.2658770675924035,0.5063548551093034
3615,0.0,0.0005245654157310762,2.787036933813447e-06,0.7497107072357226,0.6684823395550391
536,0.3333333333333333,3.4624779916242656e-06,0.016418434577095017,0.6777618950377783,0.9192872878688844
281,0.0,0.0009019755168181212,3.9018517073388255e-05,0.6719079708665169,0.9207640351514271
7800,0.0,0.07438095221607248,0.00013377777282304546,0.4505479545299843,0.7835717917060062
171,0.0,0.010262784767174323,5.574073867626894e-06,0.40834524538833306,0.7388094027646647
599,0.0,0.001030087202508219,2.787036933813447e-06,0.7416785787216663,0.9068438763405718
2053,0.0,0.0005591901956473189,0.0,0.6647607378667212,0.8031084319848937
1231,0.0,0.0004258847929697847,0.0,0.04608263562725479,0.4483985765124555
7900,0.0,0.428646119168105,0.0010089073700404677,0.39234905724593283,0.6795216307163435
839,0.0,0.0014559719954780038,0.0,0.3914641617316724,0.6210811726825963
413,0.0,0.0008154135670275145,0.0,0.16193587910965912,0.4432904834531678
1180,0.0,0.000573040107613816,0.0,0.6777618950377783,0.895441450601593
1213,0.0,0.0004743594848525244,0.0,0.7314682458648153,0.9319727891156463
465,0.0,0.001082024372382583,0.0,0.5419644680416581,0.5984699929793983
1136,0.0,0.0007669388751447748,2.787036933813447e-06,0.09175685794023558,0.4522235940639602
3791,0.0,0.004151511111957495,2.2296295470507576e-05,0.47124089578653605,0.7098554724380856
198,0.0,0.002229835826606027,0.0,0.41460758287386834,0.7084997700147676
1150,0.0,0.0007790575481154598,2.787036933813447e-06,0.5812402150976789,0.2701479168179727
1102,0.0,0.0004639720508776516,0.0,0.37539990470356,0.7537221294211635
1262,0.0,0.0005955462145593737,0.0,0.5718467088693758,0.25160384438472894
1113,0.0,0.019209827897531426,6.410184947770929e-05,0.5269893131849431,0.5804343089548988
1345,0.0,0.01097432399445311,6.131481254389583e-05,0.46504662718671297,0.7213789430362892
276,0.0,0.005685388862247044,1.9509258536694127e-05,0.41045538084541555,0.7366305952986177
1148,0.0,0.0005418778056891976,0.0,0.47409978898645433,0.7212578981770644
774,0.0,0.0006180523215049314,8.361110801440341e-06,0.666326322238105,0.9268889050282035
1221,0.0,0.0015581150962309196,2.787036933813447e-06,0.6274589884963583,0.8989275425472681
613,0.0,0.0014802093414193736,0.00032887035818998677,0.6439997277244572,0.8567070956496478
796,0.0,0.0018074135116278667,0.0,0.42046150704512975,0.6042317282785
636,0.3333333333333333,0.0,0.004581888719189307,0.6727928663807773,0.7969109351925824
594,0.0,0.001681033064933581,0.0,0.3724729426179293,0.6575640932529595
1079,0.0,0.0006959580763164774,0.0,0.4285617044448983,0.565400537439175
8000,0.0,0.06104521823133161,0.0023216017658666014,0.7881696276631952,0.9155348972329146
612,0.0,0.0018957067004142854,2.787036933813447e-06,0.43264583758763864,0.8307550778318445
567,0.0,0.0016083210271094714,0.0,0.4450343747872848,0.5929987653424359
334,0.0,0.001668914391962896,0.0,0.2843237356204479,0.6072820587309659
3557,0.0,0.007868481235966144,0.0,0.5683751956980464,0.7152298641876681
195,0.0,0.03922987564510293,6.410184947770929e-05,0.41426723844530666,0.7319098457888494
4025,0.0,0.0008656194979060664,0.0,0.9104213464025593,0.9333769094826544
3781,0.0,0.0027682511543036005,0.0,0.6645565312095841,0.5901905246084199
615,0.0,0.0027821010662700974,0.0,0.3335375399904704,0.6072094318154307
1211,0.0,0.00046743452886927587,0.0,0.7686338574637533,0.8977413029268647
766,0.0,0.0009677625986589822,0.0,0.29099448642025727,0.5659815527634541
1179,0.0,0.001603127310122035,0.0,0.6274589884963583,0.8830948749606605
1052,0.0,0.0008136823280317024,2.787036933813447e-06,0.5026206520999251,0.11167598712082694
1167,0.0,0.009220578891695419,4.73796278748286e-05,0.4072561432169356,0.792238603626504
414,0.0,0.0011114554353113893,2.787036933813447e-06,0.25607514804982656,0.5090662599559398
3601,0.0,0.000756551441169902,0.0,0.766183377578109,0.5896095092841408
638,0.3333333333333333,7.617451581573384e-05,0.06438055317109062,0.45102443672997083,0.7339918173675165
4024,0.0,0.0005522652396640704,0.0,0.9055203866312708,0.9608298835548456
1243,0.0,0.0048976751191525236,0.0001532870313597396,0.532366755156218,0.7871063015953713
1347,0.3333333333333333,3.4624779916242656e-06,0.00684774974637964,0.45238581444421755,0.4104873266032393
4100,0.0,0.012503008027755223,0.00020902777003600854,0.9036825267170377,0.9232817682233035
2620,0.0,0.06989531197792324,0.0001003333296172841,0.37349397590361455,0.6729852083182027
3611,0.0,0.012683056883319685,0.0,0.5410795725273977,0.5318953204057425
6800,0.0,0.10199075172128437,0.0003316573951238002,0.5355659927846982,0.8724913452925654
9500,0.0,0.06958715143666867,0.0001003333296172841,0.5237220066707508,0.8817149635654974
2630,0.0,0.09875506603811149,0.00017279628989643373,0.31311687427676815,0.5516740504030794
2300,0.0,0.031222895289471815,0.00025919443484465055,0.5470696344700837,0.8486697169971192
9600,0.0,0.06892581814026845,0.0002313240655065161,0.5123545027567898,0.8844263684121335
1137,0.0,0.01060903256633675,0.0,0.5299843441562863,0.6039170116445155
2039,0.0,0.00030989178025037176,5.574073867626894e-06,0.5320944796133688,0.6060231921950275
8200,0.0,0.07488647400284962,0.00013377777282304546,0.5173235314137908,0.8809402764664586
1034,0.0,0.041111732433550714,0.00020345369616838163,0.300728337077122,0.5848645508025275
3746,0.0,0.0016585269579880231,0.0,0.5371996460417944,0.6880431888057715
78,0.0,0.0007963699380735811,1.6722221602880682e-05,0.5419644680416581,0.605732684532888
469,0.0,0.01892244222422661,0.00019787962230075474,0.3510993125042544,0.6195317984845184
412,0.0,0.000221598591463953,1.1148147735253788e-05,0.37676128241780693,0.7195874791197617
2800,0.0,0.037543648863181914,0.002302092507329907,0.8309168878905452,0.9820611518628805
3640,0.0,0.014061123123986143,3.623148013957481e-05,0.5269893131849431,0.7022296463069214
4006,0.0,0.001383259957653894,0.0,0.9810768497719692,0.9200377659960782
543,0.3333333333333333,2.5968584937181993e-05,0.021496415870503115,0.7002246273228508,0.9085142953978745
1334,0.3333333333333333,0.0,0.0010953055149886847,0.7037642093798925,0.9020747088871136
990,0.3333333333333333,0.0,0.0017920647484420465,0.5650398202981418,0.8639213692594475
2640,0.0,0.10692651409834476,0.00010312036655109754,0.4384316928731876,0.6821119907037548
26,0.0,0.005375497081996672,0.00011984258815397822,0.8119256687768021,0.9167453458251628
3602,0.0,0.0016152459830927198,0.0,0.5455721189844122,0.5674583000459971
8300,0.0,0.44002035937059075,0.0006103610885051449,0.3366687087332382,0.6483888929237175
3795,0.0,0.004556621036977533,0.0,0.5480906677557688,0.6885031592708258
564,0.0,0.001407497303595264,0.0,0.34626642161867804,0.5960248868230568
354,0.0,0.0018472320085315458,2.5083332404321025e-05,0.2831665645633382,0.4001985135691287
1225,0.0,0.000195630006526771,2.787036933813447e-06,0.7623715199782181,0.8850800106519477
390,0.0,0.0018974379394100975,0.0,0.5300524130419985,0.9190936160941247
444,0.0,0.0008309947179898238,0.0,0.48812197944319646,0.7972256518265669
1161,0.3333333333333333,0.0002492984153969471,0.19869622412236207,0.3048805391055748,0.49318517442564225
2051,0.0,0.0009539126866924852,0.0,0.29262813967735346,0.5626891325925388
2016,0.0,0.0007634763971531506,8.361110801440341e-06,0.7689061330066026,0.7771322051952455
1341,0.0,8.483071079479451e-05,1.1148147735253788e-05,0.29051800422027096,0.3834459050524125
362,0.0,0.0011408864982401954,8.361110801440341e-05,0.273977264992172,0.5219454329774614
539,0.3333333333333333,0.0,0.003377888763781898,0.6646246000952966,0.8681337303604716
997,0.3333333333333333,1.7312389958121328e-06,0.005702277566582313,0.660744673609693,0.8653496985983006
3619,0.0,0.0002908481512964383,1.9509258536694127e-05,0.779524879177728,0.7231219890091268
3782,0.0,0.0003947224910451663,0.0,0.7984480294057587,0.7471614980511779
854,0.0,0.0006942268373206652,0.0,0.7789803280920292,0.7776890115476797
8400,0.0,0.2484951205028903,0.0010256295916433486,0.3414335307331019,0.6276902219962718
3822,0.0,0.0013884536746413304,0.0,0.6305220883534136,0.6840729174231971
540,0.3333333333333333,1.7312389958121328e-06,0.0033277220989732558,0.7766659859778094,0.9383881666545623
3568,0.0,0.0005695776296221917,0.0,0.5526512830984956,0.7824339700292929
542,0.3333333333333333,4.328097489530332e-05,0.05288681285604397,0.6653733578381321,0.850122255307817
3565,0.0,0.00120147986309362,1.6722221602880682e-05,0.6846368524947247,0.6387779311012661
616,0.0,0.00208614298995362,0.0,0.41923626710230766,0.668579175442419
922,0.0,0.0219313355989481,0.0,0.5309373085562589,0.8584017236787954
1069,0.0,0.0016931517379042658,0.0,0.6320876727247976,0.7980245478974509
4702,0.0,0.0009556439256882973,0.0,0.891362058403104,0.884934756820878
206,0.0,0.00299504346275499,0.0,0.3914641617316724,0.7014065412641927
735,0.0,0.0012932355298716633,5.574073867626894e-06,0.3724729426179293,0.6228484276272787
445,0.0,0.00200477475715045,2.787036933813447e-06,0.5030290654141992,0.817004381823904
372,0.0,0.0009452564917134245,0.0,0.8184602818051868,0.9524535792964873
8500,1.0,0.10032010609032566,0.05100277588878608,0.37941596896058816,0.6373496017624133
8600,0.0,0.2821348254305158,0.0014325369839801117,0.3523245524470765,0.6752366426997846
135,0.0,0.0009037067558139334,0.0,0.5953304744401334,0.8386714116251482
184,0.0,0.001954568826271898,0.0,0.42597508678782925,0.7150361924129084
335,0.0,0.0019060941343891581,0.0,0.5263086243278198,0.8205388917132691
2650,0.0,0.0816919744953871,0.00016443517909499339,0.3635559185896128,0.6941438497107028
178,0.0,0.0017520138637618784,0.0,0.5442788101558779,0.8696104776430146
122,0.0,0.013462114431435145,2.2296295470507576e-05,0.5719828466408005,0.8452804609388239
4701,0.0,0.0012205234920475536,0.0,0.9813491253148187,0.8837727261723195
339,0.0,0.0012205234920475536,1.3935184669067235e-05,0.7306514192362671,0.8154307986539812
460,0.0,0.0011426177372360076,0.0,0.5121502960996528,0.595879632991987
127,0.0,0.0009435252527176124,0.0,0.6058811517255464,0.5866318057472099
789,0.0,0.0012170610140559293,0.0,0.20618065482268066,0.4791681797274071
713,0.0,0.0007063455102913502,2.787036933813447e-06,0.11435572799673277,0.4922168155518435
8700,0.0,0.13043847090046934,0.00021738888083744888,0.3821387243890818,0.7065146343234804
1228,0.0,0.0018229946625901757,1.1148147735253788e-05,0.6352188414675651,0.8860967874694362
247,0.0,0.0025206839779024653,5.574073867626894e-06,0.3528010346470628,0.7105575326215897
437,0.0,0.0018853192664394125,0.0,0.7708801306922605,0.7855569273972934
1260,0.0,0.0009296753407511153,0.0,0.26233748553536185,0.4028615004720749
324,0.0,0.0011564676492025047,0.0,0.8772717990606494,0.9860798411891448
1377,0.0,0.0002960418682838747,0.0,0.2310938669933974,0.5135449197472585
282,0.0,0.00208614298995362,0.0,0.5201824246137091,0.920183019827148
3571,0.0,0.0016914204989084537,0.0,0.5843713838404466,0.7273585590819959
913,0.3333333333333333,8.656194979060664e-06,0.01685599937570373,0.7230277040364849,0.8416249061902342
1286,0.3333333333333333,5.193716987436398e-06,0.030470674797382417,0.3598801987611463,0.4414263926211054
721,0.0,0.0010214310075291584,0.0,0.7364372745218161,0.8576028276079116
304,0.0,0.0011980173851019959,0.0,0.79470424069158,0.7749049797855087
861,0.0,0.0013988411086162033,2.787036933813447e-06,0.8256755836906949,0.9374440167526087
885,0.0,0.0008292634789940116,0.0,0.32904499353345595,0.35432251192291864
36,0.0,0.001028355963512407,0.0,0.2600231434211423,0.5430798653981167
284,0.0,0.0025605024748061446,0.0,0.40337621673133206,0.712373205509962
293,0.0,0.0010075810955626613,0.0,0.2563474235926758,0.5615997288595155
142,0.0,0.0019095566123807826,0.0,0.5563950718126746,0.8439489674873509
2008,0.0,0.0011824362341396866,8.361110801440341e-06,0.46164318290109596,0.7653908538504369
18,0.0,0.0013140103978214088,2.787036933813447e-06,0.3364645020761011,0.5524245285302735
259,0.0,0.001395378630624579,0.0,0.773943230549316,0.7981940107003657
329,0.0,0.0021346176818363596,2.787036933813447e-06,0.8629092641753454,0.9755489384365846
1058,0.0,0.0005799650635970645,0.0,0.08760465591178279,0.45057738397850244
739,0.0,0.002716313984429236,5.574073867626894e-06,0.2570961813355116,0.5914978090880482
2049,0.0,0.0011512739322150683,0.0,0.27833367367776185,0.5088725881811801
327,0.0,0.0018939754614184733,5.574073867626894e-06,0.39738615478864625,0.7886314668216042
27,0.0,0.0006544083404169861,0.0,0.4135865495881833,0.5818142203500617
1223,0.0,0.0006180523215049314,0.0,0.033557960656184105,0.44578400755319925
2015,0.0,0.0017641325367325634,0.0,0.4290381866448846,0.6994940324884403
2057,0.0,0.0008015636550610175,0.0,0.7769382615206589,0.7749291887573536
555,0.0,0.001028355963512407,0.0,0.29848206384861486,0.6117365095504393
306,0.0,0.0011807049951438745,2.787036933813447e-06,0.744605540807297,0.8435616239378315
3578,0.0,0.0011530051712108805,0.0,0.8077053978626371,0.7498486939259691
1031,0.0,0.047581372560900656,0.0004208425770058305,0.20223265945136493,0.5302249013484398
741,0.0,0.001133961542256947,0.0,0.5152814648424205,0.6024402643619725
761,0.0,0.0011962861461061838,0.0,0.16955959430944112,0.5098651560268236
394,0.0,0.001419615976565949,0.0,0.2986182016200395,0.4996247609364032
1304,0.0,0.036432193427870525,5.574073867626894e-06,0.429923082159145,0.6561357639141067
614,0.0,0.0006059336485342465,8.361110801440341e-06,0.6471989653529372,0.9473696952090446
1265,0.0,0.0014282721715450095,0.0,0.3892178885031653,0.5042728835306366
415,0.0,0.0009764187936380429,0.0,0.1568307126812335,0.50190040428983
456,0.0,0.002148467593802857,1.6722221602880682e-05,0.5070451296712274,0.6021739656716779
1235,0.0,0.0008967817998306848,0.0,0.6318834660676605,0.8963613915317018
224,0.0,0.0008742756928851271,0.0,0.3741746647607379,0.7517854116735664
527,0.0,0.0005591901956473189,0.0,0.6911714655231095,0.9071343840027114
7,0.0,0.0015217590773188648,0.0,0.28745490436321564,0.5547485898273902
1266,0.0,0.0002839231953131898,0.0,0.4623238717582193,0.09414869150507188
865,0.0,0.0005193716987436398,0.0,0.21033285685113345,0.4947345486237199
658,0.3333333333333333,1.7312389958121328e-06,0.008043388590985608,0.5608195493839766,0.9232817682233035
3641,0.0,0.00754127706575765,0.0,0.6591110203525968,0.6709274457113806
1165,0.0,0.0013347852657711544,0.0,0.47797971547205764,0.6347108238313118
1160,0.0,0.001409228542591076,0.0,0.623783268667892,0.8844989953276684
873,0.0,0.0008708132148935027,0.0,0.3141379075624532,0.5396664003679764
439,0.0,0.0007807887871112719,0.0,0.7733986794636173,0.7831844481564868
812,0.0,0.011116285592109705,0.0002536203609770237,0.5610918249268261,0.9454329774614473
1364,0.0,0.0006319022334714284,0.0,0.01354570825675594,0.4340910741520808
366,0.0,0.0015979335931345987,0.0,0.8859846164318289,0.9700292928559325
3784,0.0,0.0012828480958967904,0.0,0.4726703423864952,0.4922652334955334
432,0.0,0.001004118617571037,0.0,0.5269893131849431,0.9120245963153945
1337,0.0,0.004352334835471702,0.0,0.6237151997821796,0.8533178395913527
1287,0.0,0.0009400627747259881,2.787036933813447e-06,0.5096317473282962,0.4836952574624157
1132,0.0,0.0010127748125500977,2.787036933813447e-06,0.8970798448029406,0.990243784346479
538,0.3333333333333333,3.4624779916242656e-06,0.01967369371578912,0.6184058266966169,0.895441450601593
4009,0.0,0.00047782196284414867,0.0,0.9231502280307672,0.9566175224538215
856,0.0,0.003337828783925792,0.0,0.45408753658702616,0.6217590238942553
661,0.0,0.0032980102870221128,8.361110801440341e-06,0.4638213872438909,0.7342581160578111
264,0.0,0.0009417940137218002,0.0,0.8518821046899462,0.8412133536688698
237,0.0,0.001277654378909354,0.0,0.5380845415560548,0.8507032706320964
921,0.0,0.000886394365855812,0.00017279628989643373,0.4753250289292764,0.7767206526738809
3720,0.0,0.010449758578722034,1.1148147735253788e-05,0.48247226192907233,0.6895925630038492
232,0.0,0.002254073172547397,2.787036933813447e-06,0.3532094479613369,0.7151088193284433
692,0.0,0.0015927398761471621,0.0,0.2897692464774352,0.5755198876703708
846,0.0,0.0007375078122159686,2.787036933813447e-06,0.7442651963787353,0.9099668337085726
8800,0.3333333333333333,0.0002527608933885714,0.11702768085082664,0.5759989108978286,0.8730239426731546
3649,0.0,0.0016637206749754597,0.0,0.5738887754407461,0.7836444186215411
1233,0.0,0.0008656194979060664,0.0,0.4231842624736234,0.5264483017406251
292,0.0,0.00099026870560454,0.0,0.7639371043496018,0.85159900259036
1114,0.0,0.0018714693544729156,2.787036933813447e-06,0.4228439180450617,0.5701212869489433
126,0.0,0.0015269527943063011,0.0,0.610441767068273,0.8346043043551942
398,0.0,0.0005557277176556946,0.0,0.20740589476550275,0.49710702786452654
1045,0.0,0.0005072530257729549,0.0,0.666530528895242,0.9479507105333237
763,0.0,0.003663301715138473,0.0,0.2609080389354027,0.5961217227104366
2062,0.0,0.0007721325921322112,0.0,0.23334014022190452,0.4882949621129592
2061,0.0,0.0011287678252695106,0.0,0.2231298073650535,0.4902800978042462
1172,0.0,0.0005488027616724461,5.574073867626894e-06,0.6228303042679192,0.9061418161570679
3558,0.0,0.00047782196284414867,0.0,0.7475325028929277,0.6616554094947588
1083,0.0,0.0016533332410005868,0.0,0.1673813899666462,0.5050475706296754
163,0.0,0.0013451726997460271,0.0,0.30910081001974,0.5804100999830538
10,0.0,0.0008535008249353815,0.0,0.3913960928459602,0.5897547631152106
5000,1.0,0.7614923972639499,0.05785609970903335,0.330066026819141,0.6772701963347617
84,0.0,0.0009677625986589822,0.0,0.7215301885508135,0.8059408816907546
287,0.0,0.001760670058740939,1.3935184669067235e-05,0.3809134844462597,0.7245987362916698
154,0.0,0.022748480404971426,1.1148147735253788e-05,0.41263358518821047,0.7245261093761349
103,0.0,0.0025864710597433265,2.5083332404321025e-05,0.6593152270097339,0.8327402135231318
719,0.0,0.0007219266612536594,0.0,0.8604587842897012,0.8458856852349482
1054,0.3333333333333333,5.3668408870176115e-05,0.05790626637384199,0.37383432033217623,0.4549834168542862
1283,0.0,0.0009954624225919763,0.0,0.7832686678919066,0.775340741278718
3719,0.0,0.0007704013531363991,0.0,0.48505887958614113,0.5393516837339919
1051,0.0,0.0005228341767352641,0.0,0.09386699339731808,0.45023845837267296
2003,0.0,0.0016360208510424654,0.0,0.45156898781566956,0.7763333091243615
2050,0.0,0.0009158254287846183,0.0,0.2348376557075761,0.505991720531629
1237,0.0,0.0005695776296221917,0.0,0.05030290654142,0.4429515578473383
727,0.0,0.0017260452788246965,0.0,0.31195970321965827,0.5905536591860944
744,0.0,0.0014161534985743247,0.0,0.21509767885099718,0.5544580821652504
814,0.0,0.0016083210271094714,0.0,0.25267170376420933,0.539908490086426
1244,0.0,0.002229835826606027,1.3935184669067235e-05,0.6100333537539991,0.8454499237417387
2002,0.0,0.0014386596055198824,0.0,0.4417670682730924,0.7386641489335949
752,0.0,0.0010889493283658316,0.0,0.44871009461575107,0.6032149514610116
709,0.0,0.003770638532878825,0.0,0.2558028725069771,0.4757789236691118
665,0.0,0.00124995455497636,0.0,0.19229460213736316,0.509598857336529
3563,0.0,0.007053067668938629,5.574073867626894e-06,0.6133687291539037,0.5626891325925388
1346,0.3333333333333333,1.211867297068493e-05,0.003154925809076822,0.29596351507725827,0.4807659718691747
778,0.0,0.0016342896120466533,0.0,0.45320264107276576,0.5983731570920184
